doe_replicate_id,status,block_seeds,design_runs,completed_design_runs,failed_design_runs,unique_design_coordinates,surrogate_expected_rank,surrogate_rank_rmse,surrogate_rank_latency,surrogate_residual_df_rmse,surrogate_residual_df_latency,selection_grid_size,selected,replicate_wall_time_s
0,completed,"[3001, 3002, 3003, 3004, 3005]",140,140,0,25,19,19,19,121,121,1323,"{""mo"": {""coordinate"": [0.8, -0.6666666666666666, 1.0, 0.0], ""grid_index"": 1150, ""predicted_desirability"": 0.8835468050829982, ""predicted_latency_us"": 113.2660850724637, ""predicted_validation_rmse"": 0.46603951450471454, ""selection_id"": ""doe-mo-rep-0""}, ""so"": {""coordinate"": [0.6000000000000001, 0.3333333333333333, 1.0, 1.0], ""grid_index"": 1052, ""predicted_desirability"": 0.6373436963827612, ""predicted_latency_us"": 147.5034410144927, ""predicted_validation_rmse"": 0.4384069803530924, ""selection_id"": ""doe-so-rep-0""}}",36.290697999997064
1,completed,"[3006, 3007, 3008, 3009, 3010]",140,140,0,25,19,19,19,121,121,1323,"{""mo"": {""coordinate"": [0.7000000000000002, -0.6666666666666666, 1.0, 1.0], ""grid_index"": 1088, ""predicted_desirability"": 0.8929832170620187, ""predicted_latency_us"": 112.9102883011271, ""predicted_validation_rmse"": 0.4622827686207425, ""selection_id"": ""doe-mo-rep-1""}, ""so"": {""coordinate"": [0.6000000000000001, 0.3333333333333333, 1.0, 1.0], ""grid_index"": 1052, ""predicted_desirability"": 0.6708906059207591, ""predicted_latency_us"": 143.99246359098214, ""predicted_validation_rmse"": 0.43877366617287034, ""selection_id"": ""doe-so-rep-1""}}",36.378646400000434
2,completed,"[3011, 3012, 3013, 3014, 3015]",140,140,0,25,19,19,19,121,121,1323,"{""mo"": {""coordinate"": [0.7000000000000002, -0.6666666666666666, 1.0, 1.0], ""grid_index"": 1088, ""predicted_desirability"": 0.8362996434736923, ""predicted_latency_us"": 120.82839115942012, ""predicted_validation_rmse"": 0.4636038271129182, ""selection_id"": ""doe-mo-rep-2""}, ""so"": {""coordinate"": [0.6000000000000001, 0.3333333333333333, 1.0, 1.0], ""grid_index"": 1052, ""predicted_desirability"": 0.6094443433232415, ""predicted_latency_us"": 150.28620739130423, ""predicted_validation_rmse"": 0.4409234744524309, ""selection_id"": ""doe-so-rep-2""}}",36.57152019999921
3,completed,"[3016, 3017, 3018, 3019, 3020]",140,140,0,25,19,19,19,121,121,1323,"{""mo"": {""coordinate"": [0.7000000000000002, -0.6666666666666666, 1.0, 1.0], ""grid_index"": 1088, ""predicted_desirability"": 0.8567012102870607, ""predicted_latency_us"": 116.1381941143316, ""predicted_validation_rmse"": 0.4701483841464553, ""selection_id"": ""doe-mo-rep-3""}, ""so"": {""coordinate"": [0.6000000000000001, 0.3333333333333333, 1.0, 1.0], ""grid_index"": 1052, ""predicted_desirability"": 0.6339741453629866, ""predicted_latency_us"": 147.84614264090166, ""predicted_validation_rmse"": 0.4468950815527361, ""selection_id"": ""doe-so-rep-3""}}",36.51961180000217
4,completed,"[3021, 3022, 3023, 3024, 3025]",140,140,0,25,19,19,19,121,121,1323,"{""mo"": {""coordinate"": [0.7000000000000002, -0.6666666666666666, 1.0, 0.0], ""grid_index"": 1087, ""predicted_desirability"": 0.8700795328194463, ""predicted_latency_us"": 115.37035240338189, ""predicted_validation_rmse"": 0.46573030440880214, ""selection_id"": ""doe-mo-rep-4""}, ""so"": {""coordinate"": [0.6000000000000001, 0.3333333333333333, 1.0, 1.0], ""grid_index"": 1052, ""predicted_desirability"": 0.4982281534341411, ""predicted_latency_us"": 160.14149657004847, ""predicted_validation_rmse"": 0.43955013451156777, ""selection_id"": ""doe-so-rep-4""}}",36.43879590000142
5,completed,"[3026, 3027, 3028, 3029, 3030]",140,140,0,25,19,19,19,121,121,1323,"{""mo"": {""coordinate"": [0.6000000000000001, -0.6666666666666666, -1.0, 1.0], ""grid_index"": 1019, ""predicted_desirability"": 0.8446387852772286, ""predicted_latency_us"": 116.1739888808371, ""predicted_validation_rmse"": 0.47645017600656575, ""selection_id"": ""doe-mo-rep-5""}, ""so"": {""coordinate"": [0.6000000000000001, 0.3333333333333333, 1.0, 1.0], ""grid_index"": 1052, ""predicted_desirability"": 0.5430758440432188, ""predicted_latency_us"": 156.40549020933963, ""predicted_validation_rmse"": 0.44233054138701133, ""selection_id"": ""doe-so-rep-5""}}",36.43747920000169
6,completed,"[3031, 3032, 3033, 3034, 3035]",140,140,0,25,19,19,19,121,121,1323,"{""mo"": {""coordinate"": [0.7000000000000002, -0.3333333333333333, -1.0, 1.0], ""grid_index"": 1091, ""predicted_desirability"": 0.8428010995271072, ""predicted_latency_us"": 118.76350693236728, ""predicted_validation_rmse"": 0.4680096760016632, ""selection_id"": ""doe-mo-rep-6""}, ""so"": {""coordinate"": [0.6000000000000001, 0.3333333333333333, 1.0, 1.0], ""grid_index"": 1052, ""predicted_desirability"": 0.6122894767849922, ""predicted_latency_us"": 150.00812772946884, ""predicted_validation_rmse"": 0.44568392701307785, ""selection_id"": ""doe-so-rep-6""}}",36.48498149999796
7,completed,"[3036, 3037, 3038, 3039, 3040]",140,140,0,25,19,19,19,121,121,1323,"{""mo"": {""coordinate"": [0.6000000000000001, -0.6666666666666666, 1.0, -1.0], ""grid_index"": 1023, ""predicted_desirability"": 0.830369888224308, ""predicted_latency_us"": 114.98356075684416, ""predicted_validation_rmse"": 0.4878954432767606, ""selection_id"": ""doe-mo-rep-7""}, ""so"": {""coordinate"": [0.6000000000000001, 0.3333333333333333, 1.0, 1.0], ""grid_index"": 1052, ""predicted_desirability"": 0.5767729727404308, ""predicted_latency_us"": 152.7270247665061, ""predicted_validation_rmse"": 0.456046372472567, ""selection_id"": ""doe-so-rep-7""}}",36.61095480000222
8,completed,"[3041, 3042, 3043, 3044, 3045]",140,140,0,25,19,19,19,121,121,1323,"{""mo"": {""coordinate"": [0.7000000000000002, -0.3333333333333333, 1.0, 1.0], ""grid_index"": 1097, ""predicted_desirability"": 0.8741787502398805, ""predicted_latency_us"": 117.3704433735909, ""predicted_validation_rmse"": 0.45596554453373767, ""selection_id"": ""doe-mo-rep-8""}, ""so"": {""coordinate"": [0.6000000000000001, 0.3333333333333333, 1.0, 1.0], ""grid_index"": 1052, ""predicted_desirability"": 0.6850486991516298, ""predicted_latency_us"": 142.4566623832528, ""predicted_validation_rmse"": 0.4457117600768233, ""selection_id"": ""doe-so-rep-8""}}",36.629283899994334
9,completed,"[3046, 3047, 3048, 3049, 3050]",140,140,0,25,19,19,19,121,121,1323,"{""mo"": {""coordinate"": [0.8, -0.3333333333333333, 0.0, 1.0], ""grid_index"": 1157, ""predicted_desirability"": 0.8506182627014967, ""predicted_latency_us"": 118.49884800322062, ""predicted_validation_rmse"": 0.46470312982781126, ""selection_id"": ""doe-mo-rep-9""}, ""so"": {""coordinate"": [0.6000000000000001, 0.3333333333333333, 1.0, 1.0], ""grid_index"": 1052, ""predicted_desirability"": 0.6202783647675547, ""predicted_latency_us"": 149.22038001610306, ""predicted_validation_rmse"": 0.4477495781587199, ""selection_id"": ""doe-so-rep-9""}}",36.81913930000155
10,completed,"[3051, 3052, 3053, 3054, 3055]",140,140,0,25,19,19,19,121,121,1323,"{""mo"": {""coordinate"": [1.0, -0.6666666666666666, 1.0, 0.0], ""grid_index"": 1276, ""predicted_desirability"": 0.8539369313685933, ""predicted_latency_us"": 114.02049698067628, ""predicted_validation_rmse"": 0.4789591465877992, ""selection_id"": ""doe-mo-rep-10""}, ""so"": {""coordinate"": [0.6000000000000001, 0.3333333333333333, 1.0, 1.0], ""grid_index"": 1052, ""predicted_desirability"": 0.5573398564428256, ""predicted_latency_us"": 155.14978275362324, ""predicted_validation_rmse"": 0.4409566629672363, ""selection_id"": ""doe-so-rep-10""}}",36.84602029999951
11,completed,"[3056, 3057, 3058, 3059, 3060]",140,140,0,25,19,19,19,121,121,1323,"{""mo"": {""coordinate"": [0.8, -0.6666666666666666, 1.0, 0.0], ""grid_index"": 1150, ""predicted_desirability"": 0.8558059040014336, ""predicted_latency_us"": 114.47535140096616, ""predicted_validation_rmse"": 0.47644939393554864, ""selection_id"": ""doe-mo-rep-11""}, ""so"": {""coordinate"": [0.6000000000000001, 0.3333333333333333, 1.0, 1.0], ""grid_index"": 1052, ""predicted_desirability"": 0.603048820437382, ""predicted_latency_us"": 150.90656961352659, ""predicted_validation_rmse"": 0.44987217539899055, ""selection_id"": ""doe-so-rep-11""}}",36.844533099996625
12,completed,"[3061, 3062, 3063, 3064, 3065]",140,140,0,25,19,19,19,121,121,1323,"{""mo"": {""coordinate"": [0.6000000000000001, -0.3333333333333333, 1.0, 1.0], ""grid_index"": 1034, ""predicted_desirability"": 0.8613114720536483, ""predicted_latency_us"": 118.32647734299529, ""predicted_validation_rmse"": 0.45942432994559473, ""selection_id"": ""doe-mo-rep-12""}, ""so"": {""coordinate"": [0.6000000000000001, 0.3333333333333333, 1.0, 1.0], ""grid_index"": 1052, ""predicted_desirability"": 0.6699696689303428, ""predicted_latency_us"": 144.09125141706934, ""predicted_validation_rmse"": 0.4488222350138153, ""selection_id"": ""doe-so-rep-12""}}",36.35195479999675
13,completed,"[3066, 3067, 3068, 3069, 3070]",140,140,0,25,19,19,19,121,121,1323,"{""mo"": {""coordinate"": [0.8, -0.6666666666666666, 1.0, 0.0], ""grid_index"": 1150, ""predicted_desirability"": 0.8468607317449146, ""predicted_latency_us"": 116.64258679549108, ""predicted_validation_rmse"": 0.4736103597990665, ""selection_id"": ""doe-mo-rep-13""}, ""so"": {""coordinate"": [0.6000000000000001, 0.3333333333333333, 1.0, 1.0], ""grid_index"": 1052, ""predicted_desirability"": 0.5608844665910484, ""predicted_latency_us"": 154.83268921095, ""predicted_validation_rmse"": 0.44231652759660844, ""selection_id"": ""doe-so-rep-13""}}",36.20784119999735
14,completed,"[3071, 3072, 3073, 3074, 3075]",140,140,0,25,19,19,19,121,121,1323,"{""mo"": {""coordinate"": [0.5, -0.6666666666666666, 1.0, 1.0], ""grid_index"": 962, ""predicted_desirability"": 0.8309002861096632, ""predicted_latency_us"": 116.93286835748785, ""predicted_validation_rmse"": 0.4810601917428127, ""selection_id"": ""doe-mo-rep-14""}, ""so"": {""coordinate"": [0.6000000000000001, 0.3333333333333333, 1.0, 1.0], ""grid_index"": 1052, ""predicted_desirability"": 0.5897281087176365, ""predicted_latency_us"": 151.56527710144923, ""predicted_validation_rmse"": 0.45538411719186783, ""selection_id"": ""doe-so-rep-14""}}",36.507544599997345
15,completed,"[3076, 3077, 3078, 3079, 3080]",140,140,0,25,19,19,19,121,121,1323,"{""mo"": {""coordinate"": [0.7000000000000002, -0.3333333333333333, -1.0, 1.0], ""grid_index"": 1091, ""predicted_desirability"": 0.8680780646100417, ""predicted_latency_us"": 115.62173489533014, ""predicted_validation_rmse"": 0.4658962927839278, ""selection_id"": ""doe-mo-rep-15""}, ""so"": {""coordinate"": [0.6000000000000001, 0.3333333333333333, 1.0, 1.0], ""grid_index"": 1052, ""predicted_desirability"": 0.6432231775670245, ""predicted_latency_us"": 146.9011155072464, ""predicted_validation_rmse"": 0.44607478763571085, ""selection_id"": ""doe-so-rep-15""}}",36.22936749999644
16,completed,"[3081, 3082, 3083, 3084, 3085]",140,140,0,25,19,19,19,121,121,1323,"{""mo"": {""coordinate"": [0.8, -0.6666666666666666, 0.0, -1.0], ""grid_index"": 1146, ""predicted_desirability"": 0.8003047479956326, ""predicted_latency_us"": 118.3619433011272, ""predicted_validation_rmse"": 0.4921778446736573, ""selection_id"": ""doe-mo-rep-16""}, ""so"": {""coordinate"": [0.6000000000000001, 0.3333333333333333, 1.0, 1.0], ""grid_index"": 1052, ""predicted_desirability"": 0.5501784568117631, ""predicted_latency_us"": 155.78429325281814, ""predicted_validation_rmse"": 0.44928930810766327, ""selection_id"": ""doe-so-rep-16""}}",36.32338720000553
17,completed,"[3086, 3087, 3088, 3089, 3090]",140,140,0,25,19,19,19,121,121,1323,"{""mo"": {""coordinate"": [0.8, -0.6666666666666666, 1.0, 0.0], ""grid_index"": 1150, ""predicted_desirability"": 0.8885938922289424, ""predicted_latency_us"": 111.54686663446047, ""predicted_validation_rmse"": 0.46930227544439074, ""selection_id"": ""doe-mo-rep-17""}, ""so"": {""coordinate"": [0.6000000000000001, 0.3333333333333333, 1.0, 1.0], ""grid_index"": 1052, ""predicted_desirability"": 0.6045785615762063, ""predicted_latency_us"": 150.75878103059563, ""predicted_validation_rmse"": 0.43910840338667756, ""selection_id"": ""doe-so-rep-17""}}",36.3764996999962
18,completed,"[3091, 3092, 3093, 3094, 3095]",140,140,0,25,19,19,19,121,121,1323,"{""mo"": {""coordinate"": [0.6000000000000001, -0.6666666666666666, 1.0, -1.0], ""grid_index"": 1023, ""predicted_desirability"": 0.8350852302983004, ""predicted_latency_us"": 117.26280700483089, ""predicted_validation_rmse"": 0.4776861512066489, ""selection_id"": ""doe-mo-rep-18""}, ""so"": {""coordinate"": [0.6000000000000001, 0.3333333333333333, 1.0, 1.0], ""grid_index"": 1052, ""predicted_desirability"": 0.5871722952829322, ""predicted_latency_us"": 152.41829565217384, ""predicted_validation_rmse"": 0.44380113973779833, ""selection_id"": ""doe-so-rep-18""}}",36.41126749999967
19,completed,"[3096, 3097, 3098, 3099, 3100]",140,140,0,25,19,19,19,121,121,1323,"{""mo"": {""coordinate"": [0.7000000000000002, -0.6666666666666666, 1.0, 1.0], ""grid_index"": 1088, ""predicted_desirability"": 0.8860461014871023, ""predicted_latency_us"": 113.39142396135257, ""predicted_validation_rmse"": 0.4642712873774762, ""selection_id"": ""doe-mo-rep-19""}, ""so"": {""coordinate"": [0.6000000000000001, 0.3333333333333333, 1.0, 1.0], ""grid_index"": 1052, ""predicted_desirability"": 0.6638066100753379, ""predicted_latency_us"": 144.74886275362306, ""predicted_validation_rmse"": 0.44336044008085235, ""selection_id"": ""doe-so-rep-19""}}",36.48081419999653
