candidate_id,candidate_type,validation_rmse,predict_latency_us,latency_protocol_id,development_split_seed,learning_rate,max_depth,subsample,reg_lambda,x1,x2,x3,x4
doe-point-1,historical_doe_evaluated_coordinate,0.821183249179179,119.0,single_sample_latency_online_search_v1,42,0.010000000000000004,3,0.5,0.09999999999999998,-1.0,-1.0,-1.0,-1.0
doe-point-2,historical_doe_evaluated_coordinate,0.5154984053613169,141.79,single_sample_latency_online_search_v1,42,0.30000000000000004,3,0.5,0.09999999999999998,1.0,-1.0,-1.0,-1.0
doe-point-3,historical_doe_evaluated_coordinate,0.6735638331968103,245.79,single_sample_latency_online_search_v1,42,0.010000000000000004,9,0.5,0.09999999999999998,-1.0,1.0,-1.0,-1.0
doe-point-4,historical_doe_evaluated_coordinate,0.5521329589535184,214.09,single_sample_latency_online_search_v1,42,0.30000000000000004,9,0.5,0.09999999999999998,1.0,1.0,-1.0,-1.0
doe-point-5,historical_doe_evaluated_coordinate,0.8233036861416937,114.91,single_sample_latency_online_search_v1,42,0.010000000000000004,3,1.0,0.09999999999999998,-1.0,-1.0,1.0,-1.0
doe-point-6,historical_doe_evaluated_coordinate,0.5037413039012446,113.82,single_sample_latency_online_search_v1,42,0.30000000000000004,3,1.0,0.09999999999999998,1.0,-1.0,1.0,-1.0
doe-point-7,historical_doe_evaluated_coordinate,0.6736798250806519,218.33,single_sample_latency_online_search_v1,42,0.010000000000000004,9,1.0,0.09999999999999998,-1.0,1.0,1.0,-1.0
doe-point-8,historical_doe_evaluated_coordinate,0.5074440509079606,290.51,single_sample_latency_online_search_v1,42,0.30000000000000004,9,1.0,0.09999999999999998,1.0,1.0,1.0,-1.0
doe-point-9,historical_doe_evaluated_coordinate,0.8259048711425971,118.98,single_sample_latency_online_search_v1,42,0.010000000000000004,3,0.5,10.000000000000002,-1.0,-1.0,-1.0,1.0
doe-point-10,historical_doe_evaluated_coordinate,0.5050118801337702,120.08,single_sample_latency_online_search_v1,42,0.30000000000000004,3,0.5,10.000000000000002,1.0,-1.0,-1.0,1.0
doe-point-11,historical_doe_evaluated_coordinate,0.7115753321777315,213.46,single_sample_latency_online_search_v1,42,0.010000000000000004,9,0.5,10.000000000000002,-1.0,1.0,-1.0,1.0
doe-point-12,historical_doe_evaluated_coordinate,0.49588310428855076,195.61,single_sample_latency_online_search_v1,42,0.30000000000000004,9,0.5,10.000000000000002,1.0,1.0,-1.0,1.0
doe-point-13,historical_doe_evaluated_coordinate,0.8258414948788914,114.01,single_sample_latency_online_search_v1,42,0.010000000000000004,3,1.0,10.000000000000002,-1.0,-1.0,1.0,1.0
doe-point-14,historical_doe_evaluated_coordinate,0.49784194338936044,114.36,single_sample_latency_online_search_v1,42,0.30000000000000004,3,1.0,10.000000000000002,1.0,-1.0,1.0,1.0
doe-point-15,historical_doe_evaluated_coordinate,0.7006445072922427,208.27,single_sample_latency_online_search_v1,42,0.010000000000000004,9,1.0,10.000000000000002,-1.0,1.0,1.0,1.0
doe-point-16,historical_doe_evaluated_coordinate,0.47671992997171864,197.77,single_sample_latency_online_search_v1,42,0.30000000000000004,9,1.0,10.000000000000002,1.0,1.0,1.0,1.0
doe-point-17,historical_doe_evaluated_coordinate,0.49367750880402383,141.82,single_sample_latency_online_search_v1,42,0.05477225575051663,6,0.75,1.0000000000000002,0.0,0.0,0.0,0.0
doe-point-18,historical_doe_evaluated_coordinate,0.7262104539993592,137.39,single_sample_latency_online_search_v1,42,0.010000000000000004,6,0.75,1.0000000000000002,-1.0,0.0,0.0,0.0
doe-point-19,historical_doe_evaluated_coordinate,0.4945504930473016,137.45,single_sample_latency_online_search_v1,42,0.30000000000000004,6,0.75,1.0000000000000002,1.0,0.0,0.0,0.0
doe-point-20,historical_doe_evaluated_coordinate,0.5677030838860783,122.85,single_sample_latency_online_search_v1,42,0.05477225575051663,3,0.75,1.0000000000000002,0.0,-1.0,0.0,0.0
doe-point-21,historical_doe_evaluated_coordinate,0.4737228929693858,235.04,single_sample_latency_online_search_v1,42,0.05477225575051663,9,0.75,1.0000000000000002,0.0,1.0,0.0,0.0
doe-point-22,historical_doe_evaluated_coordinate,0.4962783179155009,139.73,single_sample_latency_online_search_v1,42,0.05477225575051663,6,0.5,1.0000000000000002,0.0,0.0,-1.0,0.0
doe-point-23,historical_doe_evaluated_coordinate,0.49695443520162685,133.47,single_sample_latency_online_search_v1,42,0.05477225575051663,6,1.0,1.0000000000000002,0.0,0.0,1.0,0.0
doe-point-24,historical_doe_evaluated_coordinate,0.4969547244918495,140.87,single_sample_latency_online_search_v1,42,0.05477225575051663,6,0.75,0.09999999999999998,0.0,0.0,0.0,-1.0
doe-point-25,historical_doe_evaluated_coordinate,0.5014817494360034,138.03,single_sample_latency_online_search_v1,42,0.05477225575051663,6,0.75,10.000000000000002,0.0,0.0,0.0,1.0
doe-mo-historical,historical_doe_selected_operating_point,0.48834743258525326,121.9,single_sample_latency_online_search_v1,42,0.23244253043530852,4,1.0,0.8295270261717765,0.8499708,-0.6666666666666666,1.0,-0.08116946000000003
doe-so-historical,historical_doe_selected_operating_point,0.47097882117043055,150.19,single_sample_latency_online_search_v1,42,0.15150459520777798,7,1.0,10.000000000000002,0.598278816486429,0.3333333333333333,1.0,1.0
