selection_id,optimizer,optimizer_replicate_id,search_validation_rmse,validation_rmse,test_rmse,selection_optimism_independent_minus_search_rmse,predict_latency_us,predict_latency_us_iqr,predict_latency_session_iqr_us,predict_latency_session_standard_deviation_us,inplace_predict_latency_us,inplace_predict_latency_us_iqr,inplace_predict_latency_session_iqr_us,inplace_predict_latency_session_standard_deviation_us,latency_protocol_id,search_time_feasible,benchmark_time_feasible
constrained_tpe-rep-0,constrained_tpe,0.0,0.47299689597447786,"{""confidence_interval_95"": [0.4666502506933247, 0.4739808003272214], ""interquartile_range"": 0.01031329140053594, ""mean"": 0.47031552551027306, ""median"": 0.4703686902894309, ""n"": 20, ""standard_deviation"": 0.007831542718921575}","{""confidence_interval_95"": [0.47257242639892094, 0.4754029244748129], ""interquartile_range"": 0.0051612150506577525, ""mean"": 0.47398767543686693, ""median"": 0.4743368580362922, ""n"": 20, ""standard_deviation"": 0.003023943319975822}",-0.002681370464204802,150.5355,1.8824999999999932,0.6424999999999841,0.552772489366098,118.584,1.5219999999999914,1.0424999999999898,0.6139726174675858,single_sample_latency_primary_v1,True,False
constrained_tpe-rep-1,constrained_tpe,1.0,0.4710472065189529,"{""confidence_interval_95"": [0.46919512314984707, 0.4768992418841383], ""interquartile_range"": 0.012386072402700288, ""mean"": 0.4730471825169927, ""median"": 0.4739541034801664, ""n"": 20, ""standard_deviation"": 0.008230642720193061}","{""confidence_interval_95"": [0.4735320986018624, 0.4773004703590804], ""interquartile_range"": 0.005731731750630686, ""mean"": 0.4754162844804714, ""median"": 0.47540434241339075, ""n"": 20, ""standard_deviation"": 0.004025914272644029}",0.0019999759980398046,135.3365,1.6800000000000068,3.7779999999999916,2.023797000689545,103.4045,1.0204999999999984,1.3045000000000044,0.7997099474184381,single_sample_latency_primary_v1,True,True
constrained_tpe-rep-10,constrained_tpe,10.0,0.4722781554466355,"{""confidence_interval_95"": [0.4669550117950074, 0.47336547684806685], ""interquartile_range"": 0.008781069991494639, ""mean"": 0.47016024432153714, ""median"": 0.4696549066352828, ""n"": 20, ""standard_deviation"": 0.006848576630467757}","{""confidence_interval_95"": [0.47060817945057953, 0.473793599000483], ""interquartile_range"": 0.004498228941466065, ""mean"": 0.4722008892255313, ""median"": 0.47265779547371345, ""n"": 20, ""standard_deviation"": 0.003403121256747548}",-0.0021179111250983484,150.2295,1.5130000000000052,0.1640000000000157,0.6643154747557866,118.061,1.6669999999999874,1.3034999999999997,1.241960919272426,single_sample_latency_primary_v1,True,False
constrained_tpe-rep-11,constrained_tpe,11.0,0.4733412803374717,"{""confidence_interval_95"": [0.4704119904763419, 0.477410992593074], ""interquartile_range"": 0.010915159334378755, ""mean"": 0.47391149153470796, ""median"": 0.4750423701487976, ""n"": 20, ""standard_deviation"": 0.007477336189574822}","{""confidence_interval_95"": [0.47304508989718763, 0.4766950067249167], ""interquartile_range"": 0.004226730854851757, ""mean"": 0.4748700483110522, ""median"": 0.47479220458423954, ""n"": 20, ""standard_deviation"": 0.003899363756395023}",0.00057021119723627,137.3325,1.4814999999999827,1.3310000000000173,0.7405195473449725,104.0805,1.5919999999999987,1.8924999999999983,1.1644103980126606,single_sample_latency_primary_v1,True,True
constrained_tpe-rep-12,constrained_tpe,12.0,0.47312719399807035,"{""confidence_interval_95"": [0.46635382407384895, 0.47315249578279184], ""interquartile_range"": 0.007796411514321588, ""mean"": 0.4697531599283204, ""median"": 0.46892599979116617, ""n"": 20, ""standard_deviation"": 0.00726331456434149}","{""confidence_interval_95"": [0.46839635587234835, 0.4712947408295181], ""interquartile_range"": 0.004527743964929887, ""mean"": 0.46984554835093323, ""median"": 0.47002124737810325, ""n"": 20, ""standard_deviation"": 0.0030964698067106043}",-0.003374034069749954,149.419,2.5560000000000116,2.07650000000001,1.8685231668352433,116.506,0.8669999999999902,0.5115000000000123,0.49218141980371916,single_sample_latency_primary_v1,True,False
constrained_tpe-rep-13,constrained_tpe,13.0,0.466391988880799,"{""confidence_interval_95"": [0.46388688355909813, 0.4705919506286913], ""interquartile_range"": 0.010674022163905117, ""mean"": 0.4672394170938947, ""median"": 0.46742164177591033, ""n"": 20, ""standard_deviation"": 0.007163312686123977}","{""confidence_interval_95"": [0.46447335122290856, 0.4681658274856232], ""interquartile_range"": 0.007016573490201405, ""mean"": 0.4663195893542659, ""median"": 0.4666203499120053, ""n"": 20, ""standard_deviation"": 0.003944831838575534}",0.0008474282130956912,150.116,2.136000000000024,1.1330000000000098,0.9595422997450422,117.754,1.6559999999999917,0.5785000000000053,0.7427524823250337,single_sample_latency_primary_v1,True,False
constrained_tpe-rep-14,constrained_tpe,14.0,0.4735591786517146,"{""confidence_interval_95"": [0.4678266135469985, 0.47504140845453413], ""interquartile_range"": 0.00912094576030209, ""mean"": 0.4714340110007663, ""median"": 0.4710700673309295, ""n"": 20, ""standard_deviation"": 0.007707876946273182}","{""confidence_interval_95"": [0.4695353153621467, 0.47248240119305857], ""interquartile_range"": 0.00440422072451907, ""mean"": 0.47100885827760264, ""median"": 0.4709408192035073, ""n"": 20, ""standard_deviation"": 0.003148499053112041}",-0.0021251676509482786,136.417,0.8385000000000105,1.2074999999999818,1.6715136254305551,103.4335,1.2094999999999914,1.4405000000000001,0.8778821532529318,single_sample_latency_primary_v1,True,True
constrained_tpe-rep-15,constrained_tpe,15.0,0.4696999706713864,"{""confidence_interval_95"": [0.464930145697624, 0.4711198234409018], ""interquartile_range"": 0.006965575765503329, ""mean"": 0.4680249845692629, ""median"": 0.46784554593321065, ""n"": 20, ""standard_deviation"": 0.006612700013473807}","{""confidence_interval_95"": [0.4656618977919145, 0.4682497693656424], ""interquartile_range"": 0.0027423356903303886, ""mean"": 0.46695583357877846, ""median"": 0.4668819157104118, ""n"": 20, ""standard_deviation"": 0.002764734950707826}",-0.0016749861021235213,150.158,2.8125,1.1689999999999827,0.9423925402930559,118.8405,0.9164999999999992,1.0649999999999977,0.9229333399547311,single_sample_latency_primary_v1,True,False
constrained_tpe-rep-16,constrained_tpe,16.0,0.4692602722761177,"{""confidence_interval_95"": [0.46333712754227857, 0.4701236097920393], ""interquartile_range"": 0.011750235636810547, ""mean"": 0.46673036866715895, ""median"": 0.4683371715120846, ""n"": 20, ""standard_deviation"": 0.007250292038736578}","{""confidence_interval_95"": [0.4661685182224998, 0.46871981651013045], ""interquartile_range"": 0.0036648054460773904, ""mean"": 0.4674441673663151, ""median"": 0.4679099659323034, ""n"": 20, ""standard_deviation"": 0.002725662129876375}",-0.0025299036089587723,150.687,1.9265000000000043,0.11699999999999022,0.5876483429739207,119.2895,1.5394999999999897,0.1600000000000108,0.4388643583158701,single_sample_latency_primary_v1,True,False
constrained_tpe-rep-17,constrained_tpe,17.0,0.4693135734798896,"{""confidence_interval_95"": [0.4671648470455047, 0.4740186802002982], ""interquartile_range"": 0.009021976159709455, ""mean"": 0.47059176362290145, ""median"": 0.4711921267142325, ""n"": 20, ""standard_deviation"": 0.007322245918904394}","{""confidence_interval_95"": [0.46800217523902005, 0.4718197168026536], ""interquartile_range"": 0.0047740924890236625, ""mean"": 0.46991094602083683, ""median"": 0.47103800375805494, ""n"": 20, ""standard_deviation"": 0.004078444500069813}",0.001278190143011837,136.37,2.602000000000004,0.6715000000000089,0.7820096386874046,104.0035,0.9840000000000089,0.9685000000000059,0.641273401132464,single_sample_latency_primary_v1,True,True
constrained_tpe-rep-18,constrained_tpe,18.0,0.4681988009111331,"{""confidence_interval_95"": [0.46384206470105066, 0.47051472123236143], ""interquartile_range"": 0.01084424709227505, ""mean"": 0.46717839296670605, ""median"": 0.4667590613040165, ""n"": 20, ""standard_deviation"": 0.007128687108537243}","{""confidence_interval_95"": [0.46445952039671307, 0.46667011504143235], ""interquartile_range"": 0.0019025414809188401, ""mean"": 0.4655648177190727, ""median"": 0.4657098509941573, ""n"": 20, ""standard_deviation"": 0.0023616737160178807}",-0.0010204079444270375,150.4165,0.8845000000000027,2.6539999999999964,1.9917580048791081,117.9205,1.6000000000000085,0.21699999999999875,0.2162782929468448,single_sample_latency_primary_v1,True,False
constrained_tpe-rep-19,constrained_tpe,19.0,0.4693165344782029,"{""confidence_interval_95"": [0.4656848862008379, 0.47300537354236083], ""interquartile_range"": 0.010573482409301449, ""mean"": 0.4693451298715994, ""median"": 0.47071918896508225, ""n"": 20, ""standard_deviation"": 0.007820792737472586}","{""confidence_interval_95"": [0.4674364392263236, 0.4700237447671872], ""interquartile_range"": 0.0034731146490046827, ""mean"": 0.4687300919967554, ""median"": 0.46957137335901955, ""n"": 20, ""standard_deviation"": 0.002764130233356763}",2.859539339650219e-05,150.4195,1.4829999999999757,2.093999999999994,1.5332874159791445,117.965,1.214500000000001,1.0234999999999985,1.0870945566048948,single_sample_latency_primary_v1,True,False
constrained_tpe-rep-2,constrained_tpe,2.0,0.4707669731631327,"{""confidence_interval_95"": [0.46714192952238864, 0.4742408662738258], ""interquartile_range"": 0.009940346721173055, ""mean"": 0.4706913978981072, ""median"": 0.4709623645616412, ""n"": 20, ""standard_deviation"": 0.007584100675169979}","{""confidence_interval_95"": [0.4683031914005122, 0.47171762168799863], ""interquartile_range"": 0.0022469941328534526, ""mean"": 0.4700104065442554, ""median"": 0.469635982892895, ""n"": 20, ""standard_deviation"": 0.003647783316762796}",-7.557526502549594e-05,136.7575,2.193000000000012,0.9474999999999909,0.9224821542989354,104.774,1.8615000000000066,0.28950000000000387,0.9407935745954068,single_sample_latency_primary_v1,True,True
constrained_tpe-rep-3,constrained_tpe,3.0,0.46537022611305967,"{""confidence_interval_95"": [0.4628991949672398, 0.4692946776477133], ""interquartile_range"": 0.00822032641985826, ""mean"": 0.46609693630747656, ""median"": 0.46691958152061175, ""n"": 20, ""standard_deviation"": 0.006832570314871073}","{""confidence_interval_95"": [0.4654479822871571, 0.4679206404635228], ""interquartile_range"": 0.003381980170231058, ""mean"": 0.46668431137533994, ""median"": 0.4665075246083231, ""n"": 20, ""standard_deviation"": 0.002641647503204316}",0.0007267101944168908,151.4945,2.323999999999984,3.3329999999999984,1.913765672698728,119.5505,1.2150000000000034,0.8359999999999985,1.1233655571540362,single_sample_latency_primary_v1,True,False
constrained_tpe-rep-4,constrained_tpe,4.0,0.4754906202812051,"{""confidence_interval_95"": [0.46951666711068074, 0.47578157984605807], ""interquartile_range"": 0.00707196396964932, ""mean"": 0.4726491234783694, ""median"": 0.47241932274181075, ""n"": 20, ""standard_deviation"": 0.006693076804302687}","{""confidence_interval_95"": [0.47159126060270184, 0.4752448143196949], ""interquartile_range"": 0.004161333090756725, ""mean"": 0.47341803746119837, ""median"": 0.4723511457235663, ""n"": 20, ""standard_deviation"": 0.0039032492022423974}",-0.0028414968028356857,149.796,3.6970000000000027,1.100999999999999,0.6616355681188882,119.2675,1.9080000000000013,1.1140000000000043,1.0095156388090303,single_sample_latency_primary_v1,True,False
constrained_tpe-rep-5,constrained_tpe,5.0,0.46947551831597,"{""confidence_interval_95"": [0.4672974370757883, 0.47387544305239293], ""interquartile_range"": 0.008758244058107323, ""mean"": 0.4705864400640906, ""median"": 0.4706733841414663, ""n"": 20, ""standard_deviation"": 0.0070275678337801345}","{""confidence_interval_95"": [0.46570032127987343, 0.46934604213728176], ""interquartile_range"": 0.005231278523421423, ""mean"": 0.4675231817085776, ""median"": 0.46794704716326696, ""n"": 20, ""standard_deviation"": 0.003894881020112555}",0.001110921748120608,137.5325,1.382000000000005,0.7394999999999925,0.9968099743682372,105.2225,2.0819999999999936,0.8545000000000016,0.7222365090467272,single_sample_latency_primary_v1,True,True
constrained_tpe-rep-6,constrained_tpe,6.0,0.46675380241725273,"{""confidence_interval_95"": [0.46622283236582857, 0.4731985567870873], ""interquartile_range"": 0.010376363713512748, ""mean"": 0.4697106945764579, ""median"": 0.47119131298316597, ""n"": 20, ""standard_deviation"": 0.007452467622331898}","{""confidence_interval_95"": [0.46630928102401664, 0.4699772451868958], ""interquartile_range"": 0.003526151125515742, ""mean"": 0.46814326310545623, ""median"": 0.4672139089235709, ""n"": 20, ""standard_deviation"": 0.003918644503849041}",0.0029568921592051933,138.0035,1.347500000000025,2.484000000000009,2.2412201085569428,104.6185,0.46299999999999386,0.465999999999994,0.5510462094960822,single_sample_latency_primary_v1,True,True
constrained_tpe-rep-7,constrained_tpe,7.0,0.4693313526919546,"{""confidence_interval_95"": [0.4648948809001447, 0.47090344450221716], ""interquartile_range"": 0.008246053507514783, ""mean"": 0.4678991627011809, ""median"": 0.4683107159101505, ""n"": 20, ""standard_deviation"": 0.006419207955621474}","{""confidence_interval_95"": [0.46849919501731246, 0.47169907491702284], ""interquartile_range"": 0.005553640568040197, ""mean"": 0.47009913496716765, ""median"": 0.4700520231065484, ""n"": 20, ""standard_deviation"": 0.0034185698728677123}",-0.001432189990773658,151.733,1.3659999999999854,0.7365000000000066,2.3165184167193744,118.857,1.6645000000000039,0.5095000000000027,0.6350967052347236,single_sample_latency_primary_v1,True,False
constrained_tpe-rep-8,constrained_tpe,8.0,0.4740115348207335,"{""confidence_interval_95"": [0.46898626946261573, 0.4763478718846354], ""interquartile_range"": 0.008492979146194624, ""mean"": 0.47266707067362557, ""median"": 0.4749357878907784, ""n"": 20, ""standard_deviation"": 0.007864717753383182}","{""confidence_interval_95"": [0.4736249106613777, 0.4776951676081779], ""interquartile_range"": 0.005716865471152965, ""mean"": 0.4756600391347778, ""median"": 0.47589092053349624, ""n"": 20, ""standard_deviation"": 0.004348431256567108}",-0.0013444641471079266,136.628,0.7150000000000034,1.4455000000000098,1.2841797284648222,104.6185,1.498500000000007,0.9350000000000023,1.1092094369414645,single_sample_latency_primary_v1,True,True
constrained_tpe-rep-9,constrained_tpe,9.0,0.4673078833817627,"{""confidence_interval_95"": [0.46793736555081833, 0.4744826060639755], ""interquartile_range"": 0.009886371869009036, ""mean"": 0.4712099858073969, ""median"": 0.47114220165520726, ""n"": 20, ""standard_deviation"": 0.006992563074313308}","{""confidence_interval_95"": [0.47194051467647025, 0.47493993101825305], ""interquartile_range"": 0.0052815277530786076, ""mean"": 0.47344022284736165, ""median"": 0.4741457443119678, ""n"": 20, ""standard_deviation"": 0.0032044059975919127}",0.003902102425634213,135.9625,2.0109999999999957,3.6554999999999893,1.885090694104663,104.6295,1.0750000000000028,0.5489999999999924,0.8309914710753626,single_sample_latency_primary_v1,True,True
doe-mo-historical,historical_preplanned_doe_desirability,,,"{""confidence_interval_95"": [0.4786494331428256, 0.48549297119464885], ""interquartile_range"": 0.007957079409627033, ""mean"": 0.4820712021687372, ""median"": 0.48229411271198147, ""n"": 20, ""standard_deviation"": 0.007311247215842072}","{""confidence_interval_95"": [0.48691532286386335, 0.4899024314908053], ""interquartile_range"": 0.003256575245104032, ""mean"": 0.48840887717733433, ""median"": 0.4875891994638659, ""n"": 20, ""standard_deviation"": 0.003191257134360292}",,120.421,2.021500000000003,1.9564999999999912,1.3762001398779167,88.035,1.3634999999999877,1.6885000000000048,1.1034038585214418,single_sample_latency_primary_v1,,True
doe-mo-rep-0,repeated_preplanned_doe_multi_objective,0.0,0.46603951450471454,"{""confidence_interval_95"": [0.47936577892623644, 0.4861824166756705], ""interquartile_range"": 0.009063437715814415, ""mean"": 0.4827740978009535, ""median"": 0.48321016782418313, ""n"": 20, ""standard_deviation"": 0.007282508461200991}","{""confidence_interval_95"": [0.48715413645115957, 0.49098014025169356], ""interquartile_range"": 0.006056025801537301, ""mean"": 0.48906713835142657, ""median"": 0.48847777379129875, ""n"": 20, ""standard_deviation"": 0.004087485073163698}",0.016734583296238947,118.7355,2.0404999999999944,3.285499999999999,1.9174799542628835,87.385,1.2620000000000005,0.08950000000000102,0.1902514783122588,single_sample_latency_primary_v1,True,True
doe-mo-rep-1,repeated_preplanned_doe_multi_objective,1.0,0.4622827686207425,"{""confidence_interval_95"": [0.48442591504836485, 0.49108336404626207], ""interquartile_range"": 0.010247469594411418, ""mean"": 0.48775463954731346, ""median"": 0.4879239577343928, ""n"": 20, ""standard_deviation"": 0.007112440243905618}","{""confidence_interval_95"": [0.49117272148816343, 0.49396537775911314], ""interquartile_range"": 0.004357140943262894, ""mean"": 0.4925690496236383, ""median"": 0.49232400106324153, ""n"": 20, ""standard_deviation"": 0.00298351528568552}",0.02547187092657094,120.27,1.2309999999999945,0.3795000000000073,0.41401850804040197,88.0975,0.9685000000000059,0.28600000000000136,0.6548597559783306,single_sample_latency_primary_v1,True,True
doe-mo-rep-10,repeated_preplanned_doe_multi_objective,10.0,0.4789591465877992,"{""confidence_interval_95"": [0.4755172394244347, 0.4831166199160303], ""interquartile_range"": 0.011575764003066813, ""mean"": 0.4793169296702325, ""median"": 0.4785600743523008, ""n"": 20, ""standard_deviation"": 0.008118746332754017}","{""confidence_interval_95"": [0.4816098881397973, 0.48570659792206305], ""interquartile_range"": 0.006253583056672785, ""mean"": 0.4836582430309302, ""median"": 0.4839448587082627, ""n"": 20, ""standard_deviation"": 0.004376691962971294}",0.00035778308243328283,121.206,2.003,1.9274999999999949,1.3831022377250377,88.332,0.8199999999999932,0.35949999999999704,0.7972478441488584,single_sample_latency_primary_v1,True,True
doe-mo-rep-11,repeated_preplanned_doe_multi_objective,11.0,0.47644939393554864,"{""confidence_interval_95"": [0.47936577892623644, 0.4861824166756705], ""interquartile_range"": 0.009063437715814415, ""mean"": 0.4827740978009535, ""median"": 0.48321016782418313, ""n"": 20, ""standard_deviation"": 0.007282508461200991}","{""confidence_interval_95"": [0.48715413645115957, 0.49098014025169356], ""interquartile_range"": 0.006056025801537301, ""mean"": 0.48906713835142657, ""median"": 0.48847777379129875, ""n"": 20, ""standard_deviation"": 0.004087485073163698}",0.006324703865404846,122.5015,1.8349999999999937,2.664500000000004,2.357251190475894,88.221,1.663499999999999,0.16049999999999898,0.21607435062959263,single_sample_latency_primary_v1,True,True
doe-mo-rep-12,repeated_preplanned_doe_multi_objective,12.0,0.45942432994559473,"{""confidence_interval_95"": [0.4755283964698781, 0.48320699721976146], ""interquartile_range"": 0.011909253065788605, ""mean"": 0.4793676968448198, ""median"": 0.479663596735289, ""n"": 20, ""standard_deviation"": 0.008203380755542266}","{""confidence_interval_95"": [0.48089824767632844, 0.4833493273132436], ""interquartile_range"": 0.0030299996757821024, ""mean"": 0.482123787494786, ""median"": 0.4827871213575086, ""n"": 20, ""standard_deviation"": 0.0026185942177129723}",0.019943366899225046,126.829,2.240000000000009,0.47750000000000625,1.6026710751117985,94.128,1.2235000000000014,0.6814999999999998,0.5900054448901296,single_sample_latency_primary_v1,True,True
doe-mo-rep-13,repeated_preplanned_doe_multi_objective,13.0,0.4736103597990665,"{""confidence_interval_95"": [0.47936577892623644, 0.4861824166756705], ""interquartile_range"": 0.009063437715814415, ""mean"": 0.4827740978009535, ""median"": 0.48321016782418313, ""n"": 20, ""standard_deviation"": 0.007282508461200991}","{""confidence_interval_95"": [0.48715413645115957, 0.49098014025169356], ""interquartile_range"": 0.006056025801537301, ""mean"": 0.48906713835142657, ""median"": 0.48847777379129875, ""n"": 20, ""standard_deviation"": 0.004087485073163698}",0.009163738001886967,121.151,1.2704999999999984,1.1580000000000013,1.1270265857556374,88.2375,1.3654999999999973,1.0964999999999918,0.6164988442811525,single_sample_latency_primary_v1,True,True
doe-mo-rep-14,repeated_preplanned_doe_multi_objective,14.0,0.4810601917428127,"{""confidence_interval_95"": [0.49273175272572484, 0.4997227815988537], ""interquartile_range"": 0.011435337668620482, ""mean"": 0.49622726716228927, ""median"": 0.49515071369172425, ""n"": 20, ""standard_deviation"": 0.0074688180291359275}","{""confidence_interval_95"": [0.5015269441537077, 0.5037091386387341], ""interquartile_range"": 0.0038299911752566196, ""mean"": 0.5026180413962209, ""median"": 0.5025373643768849, ""n"": 20, ""standard_deviation"": 0.002331332599053146}",0.015167075419476539,120.9575,1.6004999999999967,0.8954999999999984,0.7526205053013116,87.7845,1.3074999999999903,0.9014999999999986,0.6721211200371554,single_sample_latency_primary_v1,True,True
doe-mo-rep-15,repeated_preplanned_doe_multi_objective,15.0,0.4658962927839278,"{""confidence_interval_95"": [0.47828863757699813, 0.4860216640945719], ""interquartile_range"": 0.013633611003899204, ""mean"": 0.48215515083578503, ""median"": 0.48120644394170425, ""n"": 20, ""standard_deviation"": 0.008261526153358914}","{""confidence_interval_95"": [0.48164356595732416, 0.4850887731907243], ""interquartile_range"": 0.004359404248254872, ""mean"": 0.48336616957402423, ""median"": 0.4824106687977923, ""n"": 20, ""standard_deviation"": 0.003680663657080891}",0.016258858051857228,126.847,2.5400000000000063,1.4235000000000042,1.1291289231084345,94.8285,2.238500000000002,0.519999999999996,0.5060376715225843,single_sample_latency_primary_v1,True,True
doe-mo-rep-16,repeated_preplanned_doe_multi_objective,16.0,0.4921778446736573,"{""confidence_interval_95"": [0.4851971028560405, 0.4916975801475127], ""interquartile_range"": 0.011183265697721267, ""mean"": 0.4884473415017766, ""median"": 0.48980663820108755, ""n"": 20, ""standard_deviation"": 0.0069447405916386856}","{""confidence_interval_95"": [0.492773854833567, 0.49591378393784974], ""interquartile_range"": 0.0038484322338052657, ""mean"": 0.49434381938570837, ""median"": 0.4946673252375128, ""n"": 20, ""standard_deviation"": 0.0033545218493397475}",-0.003730503171880728,120.6755,1.4040000000000106,1.5589999999999975,1.2152788980312286,88.379,0.7825000000000131,0.9675000000000011,0.7609863172225881,single_sample_latency_primary_v1,True,True
doe-mo-rep-17,repeated_preplanned_doe_multi_objective,17.0,0.46930227544439074,"{""confidence_interval_95"": [0.47936577892623644, 0.4861824166756705], ""interquartile_range"": 0.009063437715814415, ""mean"": 0.4827740978009535, ""median"": 0.48321016782418313, ""n"": 20, ""standard_deviation"": 0.007282508461200991}","{""confidence_interval_95"": [0.48715413645115957, 0.49098014025169356], ""interquartile_range"": 0.006056025801537301, ""mean"": 0.48906713835142657, ""median"": 0.48847777379129875, ""n"": 20, ""standard_deviation"": 0.004087485073163698}",0.013471822356562746,120.643,2.7369999999999948,1.109499999999997,1.3071175061944502,88.139,0.9875000000000114,0.8029999999999973,0.9192798132233742,single_sample_latency_primary_v1,True,True
doe-mo-rep-18,repeated_preplanned_doe_multi_objective,18.0,0.4776861512066489,"{""confidence_interval_95"": [0.48696329717621145, 0.49397530041847193], ""interquartile_range"": 0.011729627566316403, ""mean"": 0.4904692987973417, ""median"": 0.49057520731225357, ""n"": 20, ""standard_deviation"": 0.00749122585338648}","{""confidence_interval_95"": [0.49676185487644164, 0.49969679886650686], ""interquartile_range"": 0.005358763094261643, ""mean"": 0.49822932687147425, ""median"": 0.49919085907172955, ""n"": 20, ""standard_deviation"": 0.0031355274002312175}",0.012783147590692767,120.7095,2.3344999999999914,1.86099999999999,1.3111497530793317,87.788,0.5724999999999909,0.18099999999999739,0.38009531699298743,single_sample_latency_primary_v1,True,True
doe-mo-rep-19,repeated_preplanned_doe_multi_objective,19.0,0.4642712873774762,"{""confidence_interval_95"": [0.48442591504836485, 0.49108336404626207], ""interquartile_range"": 0.010247469594411418, ""mean"": 0.48775463954731346, ""median"": 0.4879239577343928, ""n"": 20, ""standard_deviation"": 0.007112440243905618}","{""confidence_interval_95"": [0.49117272148816343, 0.49396537775911314], ""interquartile_range"": 0.004357140943262894, ""mean"": 0.4925690496236383, ""median"": 0.49232400106324153, ""n"": 20, ""standard_deviation"": 0.00298351528568552}",0.023483352169837268,120.6625,1.4945000000000022,1.8455000000000013,1.0864872640763006,88.738,0.5940000000000083,1.2335000000000065,1.0083430343885975,single_sample_latency_primary_v1,True,True
doe-mo-rep-2,repeated_preplanned_doe_multi_objective,2.0,0.4636038271129182,"{""confidence_interval_95"": [0.48442591504836485, 0.49108336404626207], ""interquartile_range"": 0.010247469594411418, ""mean"": 0.48775463954731346, ""median"": 0.4879239577343928, ""n"": 20, ""standard_deviation"": 0.007112440243905618}","{""confidence_interval_95"": [0.49117272148816343, 0.49396537775911314], ""interquartile_range"": 0.004357140943262894, ""mean"": 0.4925690496236383, ""median"": 0.49232400106324153, ""n"": 20, ""standard_deviation"": 0.00298351528568552}",0.024150812434395263,121.989,2.8240000000000123,0.42899999999998784,0.5059776427867148,87.86,1.3589999999999947,1.9184999999999945,1.1253693060502417,single_sample_latency_primary_v1,True,True
doe-mo-rep-3,repeated_preplanned_doe_multi_objective,3.0,0.4701483841464553,"{""confidence_interval_95"": [0.48442591504836485, 0.49108336404626207], ""interquartile_range"": 0.010247469594411418, ""mean"": 0.48775463954731346, ""median"": 0.4879239577343928, ""n"": 20, ""standard_deviation"": 0.007112440243905618}","{""confidence_interval_95"": [0.49117272148816343, 0.49396537775911314], ""interquartile_range"": 0.004357140943262894, ""mean"": 0.4925690496236383, ""median"": 0.49232400106324153, ""n"": 20, ""standard_deviation"": 0.00298351528568552}",0.01760625540085814,121.001,1.0030000000000001,1.0379999999999967,0.6273328064113951,88.5615,2.0875000000000057,1.3385000000000105,1.0428435525044013,single_sample_latency_primary_v1,True,True
doe-mo-rep-4,repeated_preplanned_doe_multi_objective,4.0,0.46573030440880214,"{""confidence_interval_95"": [0.4835195988797086, 0.48977830218200397], ""interquartile_range"": 0.009949848108991244, ""mean"": 0.4866489505308563, ""median"": 0.4852005985152984, ""n"": 20, ""standard_deviation"": 0.006686442998807895}","{""confidence_interval_95"": [0.4923036806031622, 0.4945496346827487], ""interquartile_range"": 0.0037916094205107664, ""mean"": 0.49342665764295546, ""median"": 0.49383591557910467, ""n"": 20, ""standard_deviation"": 0.002399449727164335}",0.02091864612205413,119.955,1.9140000000000015,3.1085000000000065,1.7199327603136136,88.517,2.4299999999999926,0.3760000000000048,0.838115370936484,single_sample_latency_primary_v1,True,True
doe-mo-rep-5,repeated_preplanned_doe_multi_objective,5.0,0.47645017600656575,"{""confidence_interval_95"": [0.4916885600367628, 0.499065867223573], ""interquartile_range"": 0.01187682520610478, ""mean"": 0.4953772136301679, ""median"": 0.4939142306411671, ""n"": 20, ""standard_deviation"": 0.007881495831766075}","{""confidence_interval_95"": [0.4986581794117578, 0.5020275574801238], ""interquartile_range"": 0.004846068180252794, ""mean"": 0.5003428684459408, ""median"": 0.4994744213519504, ""n"": 20, ""standard_deviation"": 0.003599652085648545}",0.01892703762360215,121.7815,2.7404999999999973,1.2114999999999867,1.1398056522934044,88.9975,1.9140000000000015,0.6285000000000025,1.0322620427972724,single_sample_latency_primary_v1,True,True
doe-mo-rep-6,repeated_preplanned_doe_multi_objective,6.0,0.4680096760016632,"{""confidence_interval_95"": [0.47828863757699813, 0.4860216640945719], ""interquartile_range"": 0.013633611003899204, ""mean"": 0.48215515083578503, ""median"": 0.48120644394170425, ""n"": 20, ""standard_deviation"": 0.008261526153358914}","{""confidence_interval_95"": [0.48164356595732416, 0.4850887731907243], ""interquartile_range"": 0.004359404248254872, ""mean"": 0.48336616957402423, ""median"": 0.4824106687977923, ""n"": 20, ""standard_deviation"": 0.003680663657080891}",0.014145474834121818,127.1085,2.4224999999999994,1.3275000000000148,0.8832870145088766,94.5705,1.1615000000000038,0.6255000000000024,0.6120301871639994,single_sample_latency_primary_v1,True,True
doe-mo-rep-7,repeated_preplanned_doe_multi_objective,7.0,0.4878954432767606,"{""confidence_interval_95"": [0.48696329717621145, 0.49397530041847193], ""interquartile_range"": 0.011729627566316403, ""mean"": 0.4904692987973417, ""median"": 0.49057520731225357, ""n"": 20, ""standard_deviation"": 0.00749122585338648}","{""confidence_interval_95"": [0.49676185487644164, 0.49969679886650686], ""interquartile_range"": 0.005358763094261643, ""mean"": 0.49822932687147425, ""median"": 0.49919085907172955, ""n"": 20, ""standard_deviation"": 0.0031355274002312175}",0.002573855520581092,120.2465,2.968999999999994,0.9825000000000017,1.1382298757280975,88.1585,0.6424999999999983,1.0289999999999964,1.2409695000281036,single_sample_latency_primary_v1,True,True
doe-mo-rep-8,repeated_preplanned_doe_multi_objective,8.0,0.45596554453373767,"{""confidence_interval_95"": [0.47305820261686493, 0.4807607480350987], ""interquartile_range"": 0.011375840058919062, ""mean"": 0.4769094753259818, ""median"": 0.4767557203026357, ""n"": 20, ""standard_deviation"": 0.008228961878710554}","{""confidence_interval_95"": [0.47668141083466176, 0.47933762697132576], ""interquartile_range"": 0.004006499763881677, ""mean"": 0.47800951890299376, ""median"": 0.47807983375091523, ""n"": 20, ""standard_deviation"": 0.0028377503985216627}",0.02094393079224416,126.244,1.4989999999999952,1.7975000000000136,1.25039836652165,94.084,0.6799999999999926,0.12649999999999295,0.649639996459575,single_sample_latency_primary_v1,True,True
doe-mo-rep-9,repeated_preplanned_doe_multi_objective,9.0,0.46470312982781126,"{""confidence_interval_95"": [0.47217609045013026, 0.4798370412257997], ""interquartile_range"": 0.010994475178547458, ""mean"": 0.47600656583796497, ""median"": 0.4753794560159491, ""n"": 20, ""standard_deviation"": 0.00818452452593488}","{""confidence_interval_95"": [0.4738990482812923, 0.4763270703541755], ""interquartile_range"": 0.003542212723429916, ""mean"": 0.4751130593177339, ""median"": 0.4751563557935381, ""n"": 20, ""standard_deviation"": 0.002593960826394642}",0.011303436010153711,126.217,3.400499999999994,0.9435000000000002,0.8253740818562237,93.8895,1.8674999999999926,1.7749999999999915,1.1081212929999984,single_sample_latency_primary_v1,True,True
doe-so-historical,historical_preplanned_doe_single_objective,,,"{""confidence_interval_95"": [0.46536473228759323, 0.47199437844805003], ""interquartile_range"": 0.009138336356158794, ""mean"": 0.46867955536782163, ""median"": 0.46902366348373153, ""n"": 20, ""standard_deviation"": 0.007082737272096295}","{""confidence_interval_95"": [0.46782260008515336, 0.4702424308644772], ""interquartile_range"": 0.0032927197457909285, ""mean"": 0.4690325154748153, ""median"": 0.46888173834257685, ""n"": 20, ""standard_deviation"": 0.002585209713771742}",,148.6245,1.51400000000001,0.7680000000000007,2.076376152097688,117.0225,1.2879999999999967,0.7595000000000027,1.9508774500208876,single_sample_latency_primary_v1,,False
doe-so-rep-0,repeated_preplanned_doe_single_objective,0.0,0.4384069803530924,"{""confidence_interval_95"": [0.4648693592979628, 0.4725762708704956], ""interquartile_range"": 0.015562057939590757, ""mean"": 0.4687228150842292, ""median"": 0.4697127587933806, ""n"": 20, ""standard_deviation"": 0.008233626429885836}","{""confidence_interval_95"": [0.4671694960733328, 0.470011775397848], ""interquartile_range"": 0.005394075184158242, ""mean"": 0.4685906357355904, ""median"": 0.4690699446053116, ""n"": 20, ""standard_deviation"": 0.0030365297366135298}",0.030315834731136804,152.042,1.9339999999999975,3.032499999999999,1.9283878435107424,118.283,3.2279999999999944,1.6739999999999924,1.498238073538379,single_sample_latency_primary_v1,False,False
doe-so-rep-1,repeated_preplanned_doe_single_objective,1.0,0.43877366617287034,"{""confidence_interval_95"": [0.4648693592979628, 0.4725762708704956], ""interquartile_range"": 0.015562057939590757, ""mean"": 0.4687228150842292, ""median"": 0.4697127587933806, ""n"": 20, ""standard_deviation"": 0.008233626429885836}","{""confidence_interval_95"": [0.4671694960733328, 0.470011775397848], ""interquartile_range"": 0.005394075184158242, ""mean"": 0.4685906357355904, ""median"": 0.4690699446053116, ""n"": 20, ""standard_deviation"": 0.0030365297366135298}",0.029949148911358858,150.285,1.934500000000014,0.8590000000000089,1.3737013594664567,117.2755,1.918999999999997,1.0890000000000128,0.6370639292881101,single_sample_latency_primary_v1,True,False
doe-so-rep-10,repeated_preplanned_doe_single_objective,10.0,0.4409566629672363,"{""confidence_interval_95"": [0.4648693592979628, 0.4725762708704956], ""interquartile_range"": 0.015562057939590757, ""mean"": 0.4687228150842292, ""median"": 0.4697127587933806, ""n"": 20, ""standard_deviation"": 0.008233626429885836}","{""confidence_interval_95"": [0.4671694960733328, 0.470011775397848], ""interquartile_range"": 0.005394075184158242, ""mean"": 0.4685906357355904, ""median"": 0.4690699446053116, ""n"": 20, ""standard_deviation"": 0.0030365297366135298}",0.027766152116992904,150.87,1.6434999999999889,0.6684999999999945,0.8623883550929967,119.822,1.1394999999999982,2.833999999999989,1.723976341194969,single_sample_latency_primary_v1,False,False
doe-so-rep-11,repeated_preplanned_doe_single_objective,11.0,0.44987217539899055,"{""confidence_interval_95"": [0.4648693592979628, 0.4725762708704956], ""interquartile_range"": 0.015562057939590757, ""mean"": 0.4687228150842292, ""median"": 0.4697127587933806, ""n"": 20, ""standard_deviation"": 0.008233626429885836}","{""confidence_interval_95"": [0.4671694960733328, 0.470011775397848], ""interquartile_range"": 0.005394075184158242, ""mean"": 0.4685906357355904, ""median"": 0.4690699446053116, ""n"": 20, ""standard_deviation"": 0.0030365297366135298}",0.018850639685238646,150.842,2.6214999999999975,2.1440000000000055,1.7826070584960645,118.9155,3.288499999999999,1.3049999999999926,0.8583673456044328,single_sample_latency_primary_v1,False,False
doe-so-rep-12,repeated_preplanned_doe_single_objective,12.0,0.4488222350138153,"{""confidence_interval_95"": [0.4648693592979628, 0.4725762708704956], ""interquartile_range"": 0.015562057939590757, ""mean"": 0.4687228150842292, ""median"": 0.4697127587933806, ""n"": 20, ""standard_deviation"": 0.008233626429885836}","{""confidence_interval_95"": [0.4671694960733328, 0.470011775397848], ""interquartile_range"": 0.005394075184158242, ""mean"": 0.4685906357355904, ""median"": 0.4690699446053116, ""n"": 20, ""standard_deviation"": 0.0030365297366135298}",0.019900580070413898,150.6065,2.4364999999999952,1.7820000000000107,1.3442558164278042,118.7795,0.9909999999999997,0.6865000000000094,1.0206117405752333,single_sample_latency_primary_v1,True,False
doe-so-rep-13,repeated_preplanned_doe_single_objective,13.0,0.44231652759660844,"{""confidence_interval_95"": [0.4648693592979628, 0.4725762708704956], ""interquartile_range"": 0.015562057939590757, ""mean"": 0.4687228150842292, ""median"": 0.4697127587933806, ""n"": 20, ""standard_deviation"": 0.008233626429885836}","{""confidence_interval_95"": [0.4671694960733328, 0.470011775397848], ""interquartile_range"": 0.005394075184158242, ""mean"": 0.4685906357355904, ""median"": 0.4690699446053116, ""n"": 20, ""standard_deviation"": 0.0030365297366135298}",0.02640628748762075,150.222,2.741500000000002,2.0880000000000223,1.477768799575905,119.225,1.5875000000000057,0.8264999999999958,1.153543161307802,single_sample_latency_primary_v1,False,False
doe-so-rep-14,repeated_preplanned_doe_single_objective,14.0,0.45538411719186783,"{""confidence_interval_95"": [0.4648693592979628, 0.4725762708704956], ""interquartile_range"": 0.015562057939590757, ""mean"": 0.4687228150842292, ""median"": 0.4697127587933806, ""n"": 20, ""standard_deviation"": 0.008233626429885836}","{""confidence_interval_95"": [0.4671694960733328, 0.470011775397848], ""interquartile_range"": 0.005394075184158242, ""mean"": 0.4685906357355904, ""median"": 0.4690699446053116, ""n"": 20, ""standard_deviation"": 0.0030365297366135298}",0.013338697892361362,150.971,2.8704999999999927,1.4964999999999975,2.070159818709661,119.273,1.7475000000000023,0.9215000000000089,0.5353852584821511,single_sample_latency_primary_v1,False,False
doe-so-rep-15,repeated_preplanned_doe_single_objective,15.0,0.44607478763571085,"{""confidence_interval_95"": [0.4648693592979628, 0.4725762708704956], ""interquartile_range"": 0.015562057939590757, ""mean"": 0.4687228150842292, ""median"": 0.4697127587933806, ""n"": 20, ""standard_deviation"": 0.008233626429885836}","{""confidence_interval_95"": [0.4671694960733328, 0.470011775397848], ""interquartile_range"": 0.005394075184158242, ""mean"": 0.4685906357355904, ""median"": 0.4690699446053116, ""n"": 20, ""standard_deviation"": 0.0030365297366135298}",0.02264802744851835,151.1595,0.8894999999999982,1.5685000000000002,1.3070074119912245,118.824,1.5579999999999927,0.6170000000000044,0.5747103183343779,single_sample_latency_primary_v1,False,False
doe-so-rep-16,repeated_preplanned_doe_single_objective,16.0,0.44928930810766327,"{""confidence_interval_95"": [0.4648693592979628, 0.4725762708704956], ""interquartile_range"": 0.015562057939590757, ""mean"": 0.4687228150842292, ""median"": 0.4697127587933806, ""n"": 20, ""standard_deviation"": 0.008233626429885836}","{""confidence_interval_95"": [0.4671694960733328, 0.470011775397848], ""interquartile_range"": 0.005394075184158242, ""mean"": 0.4685906357355904, ""median"": 0.4690699446053116, ""n"": 20, ""standard_deviation"": 0.0030365297366135298}",0.01943350697656593,150.3765,0.9140000000000157,1.0829999999999984,0.8754118030961242,118.9055,1.2364999999999924,1.3125,1.3318385131088546,single_sample_latency_primary_v1,False,False
doe-so-rep-17,repeated_preplanned_doe_single_objective,17.0,0.43910840338667756,"{""confidence_interval_95"": [0.4648693592979628, 0.4725762708704956], ""interquartile_range"": 0.015562057939590757, ""mean"": 0.4687228150842292, ""median"": 0.4697127587933806, ""n"": 20, ""standard_deviation"": 0.008233626429885836}","{""confidence_interval_95"": [0.4671694960733328, 0.470011775397848], ""interquartile_range"": 0.005394075184158242, ""mean"": 0.4685906357355904, ""median"": 0.4690699446053116, ""n"": 20, ""standard_deviation"": 0.0030365297366135298}",0.029614411697551635,151.41,2.360500000000002,0.4835000000000207,1.2943183244472785,119.003,1.0634999999999906,0.5985000000000014,0.46543240647810713,single_sample_latency_primary_v1,False,False
doe-so-rep-18,repeated_preplanned_doe_single_objective,18.0,0.44380113973779833,"{""confidence_interval_95"": [0.4648693592979628, 0.4725762708704956], ""interquartile_range"": 0.015562057939590757, ""mean"": 0.4687228150842292, ""median"": 0.4697127587933806, ""n"": 20, ""standard_deviation"": 0.008233626429885836}","{""confidence_interval_95"": [0.4671694960733328, 0.470011775397848], ""interquartile_range"": 0.005394075184158242, ""mean"": 0.4685906357355904, ""median"": 0.4690699446053116, ""n"": 20, ""standard_deviation"": 0.0030365297366135298}",0.02492167534643086,150.497,1.4574999999999818,1.069500000000005,1.6357980621091321,117.9845,1.5434999999999945,2.312999999999988,1.5686979314068075,single_sample_latency_primary_v1,False,False
doe-so-rep-19,repeated_preplanned_doe_single_objective,19.0,0.44336044008085235,"{""confidence_interval_95"": [0.4648693592979628, 0.4725762708704956], ""interquartile_range"": 0.015562057939590757, ""mean"": 0.4687228150842292, ""median"": 0.4697127587933806, ""n"": 20, ""standard_deviation"": 0.008233626429885836}","{""confidence_interval_95"": [0.4671694960733328, 0.470011775397848], ""interquartile_range"": 0.005394075184158242, ""mean"": 0.4685906357355904, ""median"": 0.4690699446053116, ""n"": 20, ""standard_deviation"": 0.0030365297366135298}",0.025362375003376847,150.907,1.3325000000000102,0.04899999999997817,1.1314227547649918,119.0265,1.3204999999999956,1.073999999999998,0.8500741879389108,single_sample_latency_primary_v1,True,False
doe-so-rep-2,repeated_preplanned_doe_single_objective,2.0,0.4409234744524309,"{""confidence_interval_95"": [0.4648693592979628, 0.4725762708704956], ""interquartile_range"": 0.015562057939590757, ""mean"": 0.4687228150842292, ""median"": 0.4697127587933806, ""n"": 20, ""standard_deviation"": 0.008233626429885836}","{""confidence_interval_95"": [0.4671694960733328, 0.470011775397848], ""interquartile_range"": 0.005394075184158242, ""mean"": 0.4685906357355904, ""median"": 0.4690699446053116, ""n"": 20, ""standard_deviation"": 0.0030365297366135298}",0.027799340631798286,150.0915,2.123000000000019,1.694500000000005,0.9396614150852415,118.0065,0.7305000000000064,1.5499999999999972,0.9292692693724461,single_sample_latency_primary_v1,False,False
doe-so-rep-3,repeated_preplanned_doe_single_objective,3.0,0.4468950815527361,"{""confidence_interval_95"": [0.4648693592979628, 0.4725762708704956], ""interquartile_range"": 0.015562057939590757, ""mean"": 0.4687228150842292, ""median"": 0.4697127587933806, ""n"": 20, ""standard_deviation"": 0.008233626429885836}","{""confidence_interval_95"": [0.4671694960733328, 0.470011775397848], ""interquartile_range"": 0.005394075184158242, ""mean"": 0.4685906357355904, ""median"": 0.4690699446053116, ""n"": 20, ""standard_deviation"": 0.0030365297366135298}",0.021827733531493088,150.1875,2.227499999999992,1.3559999999999945,1.6763859042595202,118.9715,1.2780000000000058,0.5349999999999966,0.41000204267783824,single_sample_latency_primary_v1,False,False
doe-so-rep-4,repeated_preplanned_doe_single_objective,4.0,0.43955013451156777,"{""confidence_interval_95"": [0.4648693592979628, 0.4725762708704956], ""interquartile_range"": 0.015562057939590757, ""mean"": 0.4687228150842292, ""median"": 0.4697127587933806, ""n"": 20, ""standard_deviation"": 0.008233626429885836}","{""confidence_interval_95"": [0.4671694960733328, 0.470011775397848], ""interquartile_range"": 0.005394075184158242, ""mean"": 0.4685906357355904, ""median"": 0.4690699446053116, ""n"": 20, ""standard_deviation"": 0.0030365297366135298}",0.029172680572661425,149.056,2.5105000000000075,1.5144999999999982,1.43288133667795,118.412,1.9224999999999994,1.490000000000009,1.0424987170255888,single_sample_latency_primary_v1,False,False
doe-so-rep-5,repeated_preplanned_doe_single_objective,5.0,0.44233054138701133,"{""confidence_interval_95"": [0.4648693592979628, 0.4725762708704956], ""interquartile_range"": 0.015562057939590757, ""mean"": 0.4687228150842292, ""median"": 0.4697127587933806, ""n"": 20, ""standard_deviation"": 0.008233626429885836}","{""confidence_interval_95"": [0.4671694960733328, 0.470011775397848], ""interquartile_range"": 0.005394075184158242, ""mean"": 0.4685906357355904, ""median"": 0.4690699446053116, ""n"": 20, ""standard_deviation"": 0.0030365297366135298}",0.02639227369721786,151.7125,2.006500000000017,1.4375,1.1094670454772457,119.3465,2.1410000000000053,1.6219999999999999,1.5174854612153628,single_sample_latency_primary_v1,False,False
doe-so-rep-6,repeated_preplanned_doe_single_objective,6.0,0.44568392701307785,"{""confidence_interval_95"": [0.4648693592979628, 0.4725762708704956], ""interquartile_range"": 0.015562057939590757, ""mean"": 0.4687228150842292, ""median"": 0.4697127587933806, ""n"": 20, ""standard_deviation"": 0.008233626429885836}","{""confidence_interval_95"": [0.4671694960733328, 0.470011775397848], ""interquartile_range"": 0.005394075184158242, ""mean"": 0.4685906357355904, ""median"": 0.4690699446053116, ""n"": 20, ""standard_deviation"": 0.0030365297366135298}",0.023038888071151342,151.7775,1.863000000000028,0.929000000000002,1.9691274907938268,118.8015,0.9480000000000075,0.7719999999999914,0.7790576840003569,single_sample_latency_primary_v1,False,False
doe-so-rep-7,repeated_preplanned_doe_single_objective,7.0,0.456046372472567,"{""confidence_interval_95"": [0.4648693592979628, 0.4725762708704956], ""interquartile_range"": 0.015562057939590757, ""mean"": 0.4687228150842292, ""median"": 0.4697127587933806, ""n"": 20, ""standard_deviation"": 0.008233626429885836}","{""confidence_interval_95"": [0.4671694960733328, 0.470011775397848], ""interquartile_range"": 0.005394075184158242, ""mean"": 0.4685906357355904, ""median"": 0.4690699446053116, ""n"": 20, ""standard_deviation"": 0.0030365297366135298}",0.012676442611662175,149.785,1.4899999999999807,0.5529999999999973,0.8794576737967624,118.47,1.2460000000000093,0.6890000000000072,0.7076027840533148,single_sample_latency_primary_v1,False,False
doe-so-rep-8,repeated_preplanned_doe_single_objective,8.0,0.4457117600768233,"{""confidence_interval_95"": [0.4648693592979628, 0.4725762708704956], ""interquartile_range"": 0.015562057939590757, ""mean"": 0.4687228150842292, ""median"": 0.4697127587933806, ""n"": 20, ""standard_deviation"": 0.008233626429885836}","{""confidence_interval_95"": [0.4671694960733328, 0.470011775397848], ""interquartile_range"": 0.005394075184158242, ""mean"": 0.4685906357355904, ""median"": 0.4690699446053116, ""n"": 20, ""standard_deviation"": 0.0030365297366135298}",0.02301105500740591,151.0615,2.5249999999999773,2.2930000000000064,1.71656333265045,119.536,0.772500000000008,1.2219999999999942,0.9610135274802325,single_sample_latency_primary_v1,True,False
doe-so-rep-9,repeated_preplanned_doe_single_objective,9.0,0.4477495781587199,"{""confidence_interval_95"": [0.4648693592979628, 0.4725762708704956], ""interquartile_range"": 0.015562057939590757, ""mean"": 0.4687228150842292, ""median"": 0.4697127587933806, ""n"": 20, ""standard_deviation"": 0.008233626429885836}","{""confidence_interval_95"": [0.4671694960733328, 0.470011775397848], ""interquartile_range"": 0.005394075184158242, ""mean"": 0.4685906357355904, ""median"": 0.4690699446053116, ""n"": 20, ""standard_deviation"": 0.0030365297366135298}",0.020973236925509287,151.0315,1.3615000000000066,1.2530000000000143,1.0714710682048285,118.8175,1.1644999999999897,1.350999999999999,1.2453090680630248,single_sample_latency_primary_v1,False,False
multi_objective_tpe-rep-0,multi_objective_tpe,0.0,0.4881396117598689,"{""confidence_interval_95"": [0.4781982741540059, 0.4848810809372242], ""interquartile_range"": 0.012577968752439717, ""mean"": 0.48153967754561505, ""median"": 0.48015156090927713, ""n"": 20, ""standard_deviation"": 0.007139531060954426}","{""confidence_interval_95"": [0.48535015010267923, 0.48807190632676944], ""interquartile_range"": 0.003174014643964884, ""mean"": 0.48671102821472434, ""median"": 0.48702487244698595, ""n"": 20, ""standard_deviation"": 0.002907769704046404}",-0.006599934214253866,127.6125,2.1759999999999877,1.6345000000000027,1.1120410064381616,94.265,0.8509999999999991,0.3369999999999891,0.2800151781600392,single_sample_latency_primary_v1,,True
multi_objective_tpe-rep-1,multi_objective_tpe,1.0,0.4805521541364476,"{""confidence_interval_95"": [0.4719831255023748, 0.4788288363345226], ""interquartile_range"": 0.009287990474200314, ""mean"": 0.4754059809184487, ""median"": 0.47484072762862883, ""n"": 20, ""standard_deviation"": 0.007313568490887012}","{""confidence_interval_95"": [0.4772477113412708, 0.48142619170023576], ""interquartile_range"": 0.006054643860557485, ""mean"": 0.4793369515207533, ""median"": 0.47979073738568295, ""n"": 20, ""standard_deviation"": 0.004464051001045288}",-0.005146173217998873,127.846,2.2840000000000202,1.5734999999999957,1.1448056276067171,94.709,2.311000000000007,2.0575000000000045,1.2807559974483824,single_sample_latency_primary_v1,,True
multi_objective_tpe-rep-10,multi_objective_tpe,10.0,0.5030291356619502,"{""confidence_interval_95"": [0.4968867232751765, 0.5042673531793302], ""interquartile_range"": 0.011414611672351138, ""mean"": 0.5005770382272534, ""median"": 0.49898505097374857, ""n"": 20, ""standard_deviation"": 0.007885045634184585}","{""confidence_interval_95"": [0.5049493081237202, 0.5081414078246114], ""interquartile_range"": 0.0037543561742037213, ""mean"": 0.5065453579741658, ""median"": 0.506993955572822, ""n"": 20, ""standard_deviation"": 0.0034102579505075623}",-0.002452097434696765,117.197,1.174500000000009,2.1154999999999973,1.4761263242012876,83.7875,1.1999999999999886,1.4540000000000077,0.8691914346103543,single_sample_latency_primary_v1,,True
multi_objective_tpe-rep-11,multi_objective_tpe,11.0,0.4987634724972977,"{""confidence_interval_95"": [0.4956265863560879, 0.5031316370613156], ""interquartile_range"": 0.011259689066208334, ""mean"": 0.49937911170870175, ""median"": 0.5010741439763613, ""n"": 20, ""standard_deviation"": 0.008017969748663903}","{""confidence_interval_95"": [0.5046985058256277, 0.508628243395729], ""interquartile_range"": 0.004034726921620657, ""mean"": 0.5066633746106783, ""median"": 0.5073679421150996, ""n"": 20, ""standard_deviation"": 0.0041983083385850415}",0.0006156392114040621,116.104,1.7759999999999962,1.578000000000003,1.2708877507474816,84.2035,1.4969999999999999,0.2710000000000008,0.5859588296117764,single_sample_latency_primary_v1,,True
multi_objective_tpe-rep-12,multi_objective_tpe,12.0,0.485419897801316,"{""confidence_interval_95"": [0.4810042526896877, 0.48780135442378647], ""interquartile_range"": 0.009145043516862184, ""mean"": 0.4844028035567371, ""median"": 0.4847894329117379, ""n"": 20, ""standard_deviation"": 0.007261637292421432}","{""confidence_interval_95"": [0.4878903835892751, 0.49043261148143585], ""interquartile_range"": 0.0037388679727223817, ""mean"": 0.4891614975353555, ""median"": 0.4896575573236662, ""n"": 20, ""standard_deviation"": 0.0027159718347214666}",-0.0010170942445789088,120.3975,1.9429999999999978,1.1269999999999953,0.9233724194494876,88.794,1.0589999999999975,0.4165000000000134,0.5233995128006924,single_sample_latency_primary_v1,,True
multi_objective_tpe-rep-13,multi_objective_tpe,13.0,0.48439802590934794,"{""confidence_interval_95"": [0.4794625305737765, 0.4866592484361141], ""interquartile_range"": 0.013276930727617375, ""mean"": 0.4830608895049453, ""median"": 0.48256932108267747, ""n"": 20, ""standard_deviation"": 0.007688564458291881}","{""confidence_interval_95"": [0.4848233194354651, 0.48793902529748356], ""interquartile_range"": 0.003508372799539805, ""mean"": 0.4863811723664743, ""median"": 0.48607160911199254, ""n"": 20, ""standard_deviation"": 0.003328643113629851}",-0.001337136404402639,122.0815,1.0775000000000006,2.2719999999999914,1.6562899806495217,87.674,0.9025000000000034,0.5180000000000007,0.3890703021306076,single_sample_latency_primary_v1,,True
multi_objective_tpe-rep-14,multi_objective_tpe,14.0,0.4891096392422562,"{""confidence_interval_95"": [0.48271966842621594, 0.48889667139087856], ""interquartile_range"": 0.008699095583134753, ""mean"": 0.48580816990854725, ""median"": 0.4849827953915678, ""n"": 20, ""standard_deviation"": 0.006599159000161634}","{""confidence_interval_95"": [0.4909995016269484, 0.49396354563617406], ""interquartile_range"": 0.003990240002523016, ""mean"": 0.4924815236315612, ""median"": 0.4929067458822912, ""n"": 20, ""standard_deviation"": 0.0031666162072863917}",-0.0033014693337089507,120.297,2.027000000000001,1.5960000000000036,1.3739444311907265,89.259,1.0819999999999936,1.5805000000000007,1.04096028982858,single_sample_latency_primary_v1,,True
multi_objective_tpe-rep-15,multi_objective_tpe,15.0,0.49858253293200966,"{""confidence_interval_95"": [0.49183306054782794, 0.49947808559154105], ""interquartile_range"": 0.013420021744294575, ""mean"": 0.4956555730696845, ""median"": 0.495037899170892, ""n"": 20, ""standard_deviation"": 0.008167510378787055}","{""confidence_interval_95"": [0.5018143601725258, 0.5042361661043862], ""interquartile_range"": 0.001968644564110167, ""mean"": 0.503025263138456, ""median"": 0.5028372813481894, ""n"": 20, ""standard_deviation"": 0.002587319854516795}",-0.0029269598623251625,120.9275,0.9410000000000025,1.0910000000000082,1.1697151362618172,87.582,1.2139999999999986,0.4750000000000085,0.6213808815855238,single_sample_latency_primary_v1,,True
multi_objective_tpe-rep-16,multi_objective_tpe,16.0,0.48759041797583685,"{""confidence_interval_95"": [0.4808995804026216, 0.4870523961294351], ""interquartile_range"": 0.007570248343494068, ""mean"": 0.48397598826602833, ""median"": 0.48377776394429395, ""n"": 20, ""standard_deviation"": 0.006573318729523244}","{""confidence_interval_95"": [0.48807634777572995, 0.4907809093161364], ""interquartile_range"": 0.003917846039386885, ""mean"": 0.48942862854593316, ""median"": 0.48941659646105196, ""n"": 20, ""standard_deviation"": 0.0028893998809727205}",-0.00361442970980852,121.0935,1.3785000000000025,1.2749999999999915,1.3437556046394703,88.7085,1.123500000000007,1.1255000000000024,0.7391700244192813,single_sample_latency_primary_v1,,True
multi_objective_tpe-rep-17,multi_objective_tpe,17.0,0.48995500099185085,"{""confidence_interval_95"": [0.48221829728927623, 0.489634675140159], ""interquartile_range"": 0.012507337329622725, ""mean"": 0.4859264862147176, ""median"": 0.48658181434454784, ""n"": 20, ""standard_deviation"": 0.007923236709329533}","{""confidence_interval_95"": [0.48370075013538016, 0.4887110538542697], ""interquartile_range"": 0.007884865999476798, ""mean"": 0.48620590199482494, ""median"": 0.4863284620765781, ""n"": 20, ""standard_deviation"": 0.0053527238159353984}",-0.00402851477713323,120.645,2.930000000000007,0.4865000000000066,1.6462725093373851,88.2625,1.5900000000000034,0.09649999999999181,0.24477045369079942,single_sample_latency_primary_v1,,True
multi_objective_tpe-rep-18,multi_objective_tpe,18.0,0.4974109230727488,"{""confidence_interval_95"": [0.49603186033455177, 0.5017606910441296], ""interquartile_range"": 0.00784286613988977, ""mean"": 0.49889627568934064, ""median"": 0.5006319448909429, ""n"": 20, ""standard_deviation"": 0.00612035722724919}","{""confidence_interval_95"": [0.5015920924771379, 0.5039951682414104], ""interquartile_range"": 0.003123416794682865, ""mean"": 0.5027936303592742, ""median"": 0.5026153672535665, ""n"": 20, ""standard_deviation"": 0.002567309607683696}",0.0014853526165918285,116.542,1.3520000000000039,0.45000000000000284,0.6860020408132934,84.2705,1.0970000000000084,0.11599999999999966,0.33164676238431484,single_sample_latency_primary_v1,,True
multi_objective_tpe-rep-19,multi_objective_tpe,19.0,0.4805159238870645,"{""confidence_interval_95"": [0.4789822536558912, 0.48632299021807945], ""interquartile_range"": 0.009143041678770503, ""mean"": 0.4826526219369853, ""median"": 0.48044813641954137, ""n"": 20, ""standard_deviation"": 0.007842425854303604}","{""confidence_interval_95"": [0.4826965940326993, 0.4861252818570196], ""interquartile_range"": 0.003796389580890236, ""mean"": 0.48441093794485945, ""median"": 0.48457936582851796, ""n"": 20, ""standard_deviation"": 0.0036630152590258836}",0.0021366980499208377,120.148,1.3854999999999933,0.47400000000000375,0.8555037697170006,88.2735,0.6735000000000042,1.4284999999999997,1.023954894026101,single_sample_latency_primary_v1,,True
multi_objective_tpe-rep-2,multi_objective_tpe,2.0,0.5075446286468392,"{""confidence_interval_95"": [0.5006764017836752, 0.5062020493995484], ""interquartile_range"": 0.009162756354494428, ""mean"": 0.5034392255916118, ""median"": 0.5033938388996875, ""n"": 20, ""standard_deviation"": 0.005903287954468794}","{""confidence_interval_95"": [0.5092047823877139, 0.5114507287355965], ""interquartile_range"": 0.0023093166299762435, ""mean"": 0.5103277555616552, ""median"": 0.5102660503917062, ""n"": 20, ""standard_deviation"": 0.0023994414670511026}",-0.004105403055227441,117.4195,1.6199999999999903,0.3999999999999915,1.0408774903897164,84.4555,1.0755000000000052,0.9140000000000015,0.7974626637028253,single_sample_latency_primary_v1,,True
multi_objective_tpe-rep-3,multi_objective_tpe,3.0,0.48781674188917407,"{""confidence_interval_95"": [0.4848814200749328, 0.4920823821388481], ""interquartile_range"": 0.012109204523741424, ""mean"": 0.48848190110689044, ""median"": 0.48764084077405867, ""n"": 20, ""standard_deviation"": 0.007693098722108921}","{""confidence_interval_95"": [0.4911772151992268, 0.4941740288451993], ""interquartile_range"": 0.0035590458455971308, ""mean"": 0.49267562202221304, ""median"": 0.4927878260518583, ""n"": 20, ""standard_deviation"": 0.003201625425269063}",0.0006651592177163712,121.168,2.141999999999996,0.33549999999999613,0.7702847363150838,88.784,1.5030000000000001,1.4470000000000027,1.1764404468565324,single_sample_latency_primary_v1,,True
multi_objective_tpe-rep-4,multi_objective_tpe,4.0,0.4807428910743146,"{""confidence_interval_95"": [0.4731218267610452, 0.4801862299415717], ""interquartile_range"": 0.007696955170970743, ""mean"": 0.47665402835130843, ""median"": 0.4765707436262611, ""n"": 20, ""standard_deviation"": 0.007547206970150408}","{""confidence_interval_95"": [0.47687346165358563, 0.4814053260320889], ""interquartile_range"": 0.0056904715786648685, ""mean"": 0.47913939384283727, ""median"": 0.47783953544623803, ""n"": 20, ""standard_deviation"": 0.004841586408813577}",-0.004088862723006181,126.412,1.3304999999999865,0.5859999999999985,0.9135622310494227,94.1545,1.1469999999999914,0.4585000000000008,0.34907298663746655,single_sample_latency_primary_v1,,True
multi_objective_tpe-rep-5,multi_objective_tpe,5.0,0.48726373871848394,"{""confidence_interval_95"": [0.4810607367695135, 0.48826349968033605], ""interquartile_range"": 0.007448915768921538, ""mean"": 0.4846621182249248, ""median"": 0.4837457919705346, ""n"": 20, ""standard_deviation"": 0.007695022644623468}","{""confidence_interval_95"": [0.4897770244770875, 0.49354834843727924], ""interquartile_range"": 0.002504421107310084, ""mean"": 0.49166268645718336, ""median"": 0.492648080435571, ""n"": 20, ""standard_deviation"": 0.004029068238561898}",-0.0026016204935591647,122.3385,1.5635000000000048,2.6739999999999924,1.6584013612512478,88.3705,1.0840000000000032,0.7109999999999985,0.7421615053342518,single_sample_latency_primary_v1,,True
multi_objective_tpe-rep-6,multi_objective_tpe,6.0,0.4752073366183051,"{""confidence_interval_95"": [0.47250444885067533, 0.47956059057446465], ""interquartile_range"": 0.007408920054698287, ""mean"": 0.47603251971257, ""median"": 0.474976672291752, ""n"": 20, ""standard_deviation"": 0.0075383808991749965}","{""confidence_interval_95"": [0.47413711507929995, 0.4798278651133249], ""interquartile_range"": 0.00883261144219255, ""mean"": 0.47698249009631244, ""median"": 0.47768509426836286, ""n"": 20, ""standard_deviation"": 0.00607967399717075}",0.0008251830942648808,126.49,1.1504999999999939,0.6639999999999873,0.8066447018359411,94.3005,1.1004999999999967,0.6015000000000015,0.6781361957601153,single_sample_latency_primary_v1,,True
multi_objective_tpe-rep-7,multi_objective_tpe,7.0,0.5048224629449409,"{""confidence_interval_95"": [0.5012670683404581, 0.5085575697877049], ""interquartile_range"": 0.01137635879021226, ""mean"": 0.5049123190640815, ""median"": 0.5047250588494265, ""n"": 20, ""standard_deviation"": 0.007788757511777915}","{""confidence_interval_95"": [0.5085025403984645, 0.5116200695303786], ""interquartile_range"": 0.004416830082368373, ""mean"": 0.5100613049644216, ""median"": 0.5103659909206584, ""n"": 20, ""standard_deviation"": 0.0033305909915911287}",8.985611914058556e-05,116.9725,2.271500000000003,0.28249999999999886,1.1368232822211177,84.063,1.3924999999999983,0.42799999999999727,0.3208163415413877,single_sample_latency_primary_v1,,True
multi_objective_tpe-rep-8,multi_objective_tpe,8.0,0.492090747991753,"{""confidence_interval_95"": [0.48911368923399096, 0.49516147806294225], ""interquartile_range"": 0.00626060706216508, ""mean"": 0.4921375836484666, ""median"": 0.49085563341073507, ""n"": 20, ""standard_deviation"": 0.006461113959305188}","{""confidence_interval_95"": [0.49640208533931446, 0.498239592162343], ""interquartile_range"": 0.0026123553321193427, ""mean"": 0.4973208387508287, ""median"": 0.49707949222427994, ""n"": 20, ""standard_deviation"": 0.0019630878855680218}",4.683565671359524e-05,120.9995,1.7710000000000008,1.2620000000000005,1.1015580216221026,88.256,1.1404999999999887,0.285499999999999,0.467803831750016,single_sample_latency_primary_v1,,True
multi_objective_tpe-rep-9,multi_objective_tpe,9.0,0.4791892305766451,"{""confidence_interval_95"": [0.47530592225263063, 0.4833027068712357], ""interquartile_range"": 0.015103284914313786, ""mean"": 0.4793043145619332, ""median"": 0.48036722819683214, ""n"": 20, ""standard_deviation"": 0.008543310322193444}","{""confidence_interval_95"": [0.47760680392854893, 0.481786654345689], ""interquartile_range"": 0.005297401807050628, ""mean"": 0.47969672913711897, ""median"": 0.47948908175697286, ""n"": 20, ""standard_deviation"": 0.004465514693355186}",0.00011508398528808916,126.476,1.636499999999998,1.2549999999999955,1.467067926171106,94.5615,0.6949999999999932,0.18300000000000693,1.221465482524986,single_sample_latency_primary_v1,,True
random_search-rep-0,random_search,0.0,0.466567104948276,"{""confidence_interval_95"": [0.46524752371145217, 0.47293009929329033], ""interquartile_range"": 0.011447306113587241, ""mean"": 0.46908881150237125, ""median"": 0.46791335629073555, ""n"": 20, ""standard_deviation"": 0.008207627240159216}","{""confidence_interval_95"": [0.4667788853967142, 0.4695016032264091], ""interquartile_range"": 0.004154865846387357, ""mean"": 0.46814024431156165, ""median"": 0.4677536052047868, ""n"": 20, ""standard_deviation"": 0.002908797028837656}",0.0025217065540952266,196.5465,2.522999999999996,1.5880000000000223,1.6685930300705436,163.6965,1.609499999999997,0.7210000000000036,1.1310601553409942,single_sample_latency_primary_v1,,False
random_search-rep-1,random_search,1.0,0.46652594451396606,"{""confidence_interval_95"": [0.4648235078445909, 0.47139014501353504], ""interquartile_range"": 0.01185691930549565, ""mean"": 0.468106826429063, ""median"": 0.46846672060941347, ""n"": 20, ""standard_deviation"": 0.007015422045632789}","{""confidence_interval_95"": [0.46788083286722293, 0.4704327052968468], ""interquartile_range"": 0.0030807205009440453, ""mean"": 0.46915676908203485, ""median"": 0.46953916176051147, ""n"": 20, ""standard_deviation"": 0.002726275510560068}",0.0015808819150969211,170.2055,1.7934999999999945,0.18949999999998113,0.726387241765715,139.004,1.208500000000015,0.5585000000000093,0.7336602244908795,single_sample_latency_primary_v1,,False
random_search-rep-10,random_search,10.0,0.4665505165148094,"{""confidence_interval_95"": [0.4633921959857677, 0.46979751719167767], ""interquartile_range"": 0.011716231391093235, ""mean"": 0.4665948565887227, ""median"": 0.4665685363726429, ""n"": 20, ""standard_deviation"": 0.006843081236438407}","{""confidence_interval_95"": [0.46638541302197445, 0.46852963700748396], ""interquartile_range"": 0.002016903254829616, ""mean"": 0.4674575250147292, ""median"": 0.4668942452913648, ""n"": 20, ""standard_deviation"": 0.0022907670747913346}",4.4340073913295974e-05,151.089,1.5254999999999939,0.09000000000000341,0.986293313370826,119.3675,1.1230000000000047,1.7420000000000044,1.152140692363567,single_sample_latency_primary_v1,,False
random_search-rep-11,random_search,11.0,0.4685305241981275,"{""confidence_interval_95"": [0.46445535024038936, 0.4723064787559564], ""interquartile_range"": 0.011907525157583976, ""mean"": 0.4683809144981729, ""median"": 0.4676090593579129, ""n"": 20, ""standard_deviation"": 0.008387699617651007}","{""confidence_interval_95"": [0.46532956392814806, 0.46841290447644823], ""interquartile_range"": 0.0043862924293731065, ""mean"": 0.46687123420229815, ""median"": 0.46655567039640644, ""n"": 20, ""standard_deviation"": 0.0032940658513978074}",-0.0001496096999546448,168.5895,1.615000000000009,1.5815000000000055,1.2617965168758463,137.08,1.7295000000000016,0.29249999999998977,0.5684776380826252,single_sample_latency_primary_v1,,False
random_search-rep-12,random_search,12.0,0.4668431588780189,"{""confidence_interval_95"": [0.4650240605984555, 0.4708618861508271], ""interquartile_range"": 0.008604948211522356, ""mean"": 0.4679429733746413, ""median"": 0.4672676385102338, ""n"": 20, ""standard_deviation"": 0.006236801124379948}","{""confidence_interval_95"": [0.46663833777720315, 0.4693893428707803], ""interquartile_range"": 0.0022581794686163947, ""mean"": 0.46801384032399174, ""median"": 0.4675172011707751, ""n"": 20, ""standard_deviation"": 0.0029390175343329728}",0.0010998144966223866,200.8975,1.8234999999999957,1.6329999999999814,1.1769986937120986,169.154,1.7520000000000095,1.4954999999999927,1.370422215961193,single_sample_latency_primary_v1,,False
random_search-rep-13,random_search,13.0,0.4692675336283937,"{""confidence_interval_95"": [0.46503962754761535, 0.47194645167648513], ""interquartile_range"": 0.011526261538858107, ""mean"": 0.46849303961205024, ""median"": 0.46935635285652477, ""n"": 20, ""standard_deviation"": 0.007378858464746385}","{""confidence_interval_95"": [0.4682765837072149, 0.4712472639506713], ""interquartile_range"": 0.0048302305712216165, ""mean"": 0.4697619238289431, ""median"": 0.47024020217417944, ""n"": 20, ""standard_deviation"": 0.0031737059828784377}",-0.0007744940163434411,171.8515,2.2819999999999823,0.6459999999999866,1.0208032131610905,139.421,1.0994999999999777,1.5749999999999886,0.8963010515446223,single_sample_latency_primary_v1,,False
random_search-rep-14,random_search,14.0,0.46655017792157355,"{""confidence_interval_95"": [0.46727185572117835, 0.47398663698319954], ""interquartile_range"": 0.010653403203619183, ""mean"": 0.47062924635218895, ""median"": 0.4712399591739498, ""n"": 20, ""standard_deviation"": 0.007173690777369404}","{""confidence_interval_95"": [0.4707243297856069, 0.47324169112501585], ""interquartile_range"": 0.003008944986479911, ""mean"": 0.4719830104553114, ""median"": 0.47189664697640393, ""n"": 20, ""standard_deviation"": 0.0026894058226385694}",0.004079068430615396,200.442,2.9385000000000048,1.8499999999999943,1.6696322050080354,168.162,1.8079999999999927,0.8230000000000075,1.2306304583423913,single_sample_latency_primary_v1,,False
random_search-rep-15,random_search,15.0,0.4680225975609217,"{""confidence_interval_95"": [0.46347406263153196, 0.4703031991077307], ""interquartile_range"": 0.012083491225716947, ""mean"": 0.46688863086963134, ""median"": 0.4683484641998121, ""n"": 20, ""standard_deviation"": 0.007295861390719088}","{""confidence_interval_95"": [0.4666496929551865, 0.46941272342798596], ""interquartile_range"": 0.0028582013684155805, ""mean"": 0.4680312081915862, ""median"": 0.46741416758683885, ""n"": 20, ""standard_deviation"": 0.002951864766231518}",-0.0011339666912903446,170.4915,2.3825000000000216,1.3425000000000011,1.0549252698651226,139.1925,1.4420000000000073,1.0529999999999973,0.7303731409355111,single_sample_latency_primary_v1,,False
random_search-rep-16,random_search,16.0,0.4709708415965058,"{""confidence_interval_95"": [0.46615711792572534, 0.4723706104792693], ""interquartile_range"": 0.009914406183461622, ""mean"": 0.4692638642024973, ""median"": 0.46970892688047006, ""n"": 20, ""standard_deviation"": 0.006638142403643243}","{""confidence_interval_95"": [0.46907746507797904, 0.4720856409335297], ""interquartile_range"": 0.003997100429590561, ""mean"": 0.4705815530057544, ""median"": 0.47025988822623543, ""n"": 20, ""standard_deviation"": 0.0032137641644001827}",-0.001706977394008491,201.852,1.820999999999998,2.662000000000006,2.591806971014627,169.265,1.0304999999999893,0.8505000000000109,0.5454647788812782,single_sample_latency_primary_v1,,False
random_search-rep-17,random_search,17.0,0.4687123855484811,"{""confidence_interval_95"": [0.4645268127467162, 0.4715816084505557], ""interquartile_range"": 0.011731945494432183, ""mean"": 0.46805421059863594, ""median"": 0.4675302448875327, ""n"": 20, ""standard_deviation"": 0.007536942887939313}","{""confidence_interval_95"": [0.4664264898572185, 0.46963244599092874], ""interquartile_range"": 0.0049431310206415335, ""mean"": 0.4680294679240736, ""median"": 0.46822623898184834, ""n"": 20, ""standard_deviation"": 0.0034250613760313966}",-0.0006581749498451583,170.533,1.8079999999999927,2.7055000000000007,1.4173878527065205,138.228,1.6779999999999973,1.3205000000000098,0.9422764589015254,single_sample_latency_primary_v1,,False
random_search-rep-18,random_search,18.0,0.46542043080989354,"{""confidence_interval_95"": [0.4645068747109623, 0.4717142252770651], ""interquartile_range"": 0.012149273488470003, ""mean"": 0.4681105499940137, ""median"": 0.46920950722689636, ""n"": 20, ""standard_deviation"": 0.007699923834861648}","{""confidence_interval_95"": [0.4672253635472252, 0.4705901839947074], ""interquartile_range"": 0.004578676111154312, ""mean"": 0.4689077737709663, ""median"": 0.4691793673357675, ""n"": 20, ""standard_deviation"": 0.0035947829824528855}",0.0026901191841201544,171.9965,1.679000000000002,0.8534999999999968,0.7335397569321002,139.246,1.315499999999986,0.5384999999999991,0.4710303334181373,single_sample_latency_primary_v1,,False
random_search-rep-19,random_search,19.0,0.46428326395500613,"{""confidence_interval_95"": [0.4647412538509108, 0.47069911778589657], ""interquartile_range"": 0.005390274763145353, ""mean"": 0.4677201858184037, ""median"": 0.46731597324038904, ""n"": 20, ""standard_deviation"": 0.006365043311978902}","{""confidence_interval_95"": [0.4667833819394399, 0.46926923796178055], ""interquartile_range"": 0.003995365256258432, ""mean"": 0.46802630995061023, ""median"": 0.467566164792632, ""n"": 20, ""standard_deviation"": 0.0026557473319637425}",0.0034369218633975573,197.445,1.5965000000000202,0.42449999999999477,0.8404714748282688,165.711,0.7824999999999989,0.6339999999999861,0.7692031916210443,single_sample_latency_primary_v1,,False
random_search-rep-2,random_search,2.0,0.4694289594733762,"{""confidence_interval_95"": [0.46533361572596454, 0.47179754065338897], ""interquartile_range"": 0.009244955553738499, ""mean"": 0.46856557818967676, ""median"": 0.46827994540270834, ""n"": 20, ""standard_deviation"": 0.006905690122736088}","{""confidence_interval_95"": [0.4688861179225329, 0.4721135089279427], ""interquartile_range"": 0.006188031862954579, ""mean"": 0.4704998134252378, ""median"": 0.47066973605082024, ""n"": 20, ""standard_deviation"": 0.003447961175060625}",-0.0008633812836994492,200.4495,2.3145000000000095,1.1280000000000143,1.584672166411721,167.54,1.2835000000000036,1.7484999999999786,1.2881871661369722,single_sample_latency_primary_v1,,False
random_search-rep-3,random_search,3.0,0.4684066594076118,"{""confidence_interval_95"": [0.4673228553741514, 0.47424114469065026], ""interquartile_range"": 0.01217847083917617, ""mean"": 0.47078200003240084, ""median"": 0.4710241180206737, ""n"": 20, ""standard_deviation"": 0.007391107219775909}","{""confidence_interval_95"": [0.47021881836898216, 0.4727113091176147], ""interquartile_range"": 0.0038779993198657103, ""mean"": 0.47146506374329844, ""median"": 0.47148475459981964, ""n"": 20, ""standard_deviation"": 0.0026628354965597062}",0.0023753406247890574,195.624,1.373500000000007,0.6599999999999966,0.9030409459155184,163.0895,1.7510000000000048,0.13649999999998386,0.21803021579587403,single_sample_latency_primary_v1,,False
random_search-rep-4,random_search,4.0,0.46844072076597376,"{""confidence_interval_95"": [0.46457126516978103, 0.4716810858876089], ""interquartile_range"": 0.01104564396286195, ""mean"": 0.46812617552869495, ""median"": 0.46884088343862307, ""n"": 20, ""standard_deviation"": 0.007595728486452502}","{""confidence_interval_95"": [0.46832359341037605, 0.4712550449802056], ""interquartile_range"": 0.002558440436910947, ""mean"": 0.4697893191952908, ""median"": 0.469464373999665, ""n"": 20, ""standard_deviation"": 0.0031317962968850214}",-0.0003145452372788071,172.5545,3.1484999999999843,2.5165000000000077,2.1254312974076552,140.5455,1.3789999999999907,0.3714999999999975,1.1655169239440484,single_sample_latency_primary_v1,,False
random_search-rep-5,random_search,5.0,0.46907802103108676,"{""confidence_interval_95"": [0.46764384789980645, 0.47361960710786494], ""interquartile_range"": 0.009219597412471248, ""mean"": 0.4706317275038357, ""median"": 0.470725609564063, ""n"": 20, ""standard_deviation"": 0.006384161604949425}","{""confidence_interval_95"": [0.4715023452985106, 0.47375208282423903], ""interquartile_range"": 0.00406885116031519, ""mean"": 0.4726272140613748, ""median"": 0.47261459427217384, ""n"": 20, ""standard_deviation"": 0.002403491746053153}",0.0015537064727489391,199.7825,2.6260000000000048,1.3774999999999977,0.9071639184844162,167.679,1.7944999999999993,0.7959999999999923,1.118910709127407,single_sample_latency_primary_v1,,False
random_search-rep-6,random_search,6.0,0.4682640593905174,"{""confidence_interval_95"": [0.46593537228934706, 0.47204510778932113], ""interquartile_range"": 0.012103623996633561, ""mean"": 0.4689902400393341, ""median"": 0.4689350988026067, ""n"": 20, ""standard_deviation"": 0.0065272942629165664}","{""confidence_interval_95"": [0.46843871968358736, 0.4712883822988038], ""interquartile_range"": 0.00362180895491776, ""mean"": 0.4698635509911956, ""median"": 0.46955861360003603, ""n"": 20, ""standard_deviation"": 0.00304441762489215}",0.0007261806488166878,170.962,3.318000000000012,0.23500000000001364,0.9790238505777078,139.8855,1.0645000000000095,1.1995000000000005,0.9633967510844129,single_sample_latency_primary_v1,,False
random_search-rep-7,random_search,7.0,0.47155558773696843,"{""confidence_interval_95"": [0.46919537857268384, 0.4752741588814871], ""interquartile_range"": 0.008913356671535255, ""mean"": 0.4722347687270855, ""median"": 0.4735983408413452, ""n"": 20, ""standard_deviation"": 0.006494223495493432}","{""confidence_interval_95"": [0.4737472226319222, 0.4767367405589014], ""interquartile_range"": 0.004044459429852598, ""mean"": 0.4752419815954118, ""median"": 0.4752508371843409, ""n"": 20, ""standard_deviation"": 0.0031938310936276506}",0.0006791809901170454,208.165,1.6479999999999961,1.9745000000000061,2.737983687862298,175.9295,1.693000000000012,1.2264999999999873,0.8278747338818867,single_sample_latency_primary_v1,,False
random_search-rep-8,random_search,8.0,0.4712697898760081,"{""confidence_interval_95"": [0.4632696326887293, 0.47096027679892055], ""interquartile_range"": 0.010668719480659616, ""mean"": 0.4671149547438249, ""median"": 0.4667016415134553, ""n"": 20, ""standard_deviation"": 0.008216247197411037}","{""confidence_interval_95"": [0.4669964708403193, 0.4699010464099826], ""interquartile_range"": 0.004046983860476805, ""mean"": 0.46844875862515095, ""median"": 0.4687702633134527, ""n"": 20, ""standard_deviation"": 0.003103083505358193}",-0.004154835132183177,151.706,1.741500000000002,1.2460000000000093,0.6294910047014235,120.028,2.3234999999999957,1.4610000000000127,1.372182495151433,single_sample_latency_primary_v1,,False
random_search-rep-9,random_search,9.0,0.47016099571535536,"{""confidence_interval_95"": [0.4648367886347214, 0.4711602804057537], ""interquartile_range"": 0.007098657291545907, ""mean"": 0.46799853452023754, ""median"": 0.46829368370792673, ""n"": 20, ""standard_deviation"": 0.006755659317630764}","{""confidence_interval_95"": [0.466505616176554, 0.46898542039426067], ""interquartile_range"": 0.0028583647653436794, ""mean"": 0.46774551828540734, ""median"": 0.46773945518243293, ""n"": 20, ""standard_deviation"": 0.0026492819277466077}",-0.002162461195117815,151.1705,2.2394999999999925,2.5130000000000052,1.495921872959949,118.83,1.9980000000000047,1.5574999999999903,0.9726649860049452,single_sample_latency_primary_v1,,False
single_objective_tpe-rep-0,single_objective_tpe,0.0,0.463618979189476,"{""confidence_interval_95"": [0.4639889282117233, 0.47075907165936753], ""interquartile_range"": 0.010603647521523096, ""mean"": 0.4673739999355454, ""median"": 0.4679876405027643, ""n"": 20, ""standard_deviation"": 0.007232836590899548}","{""confidence_interval_95"": [0.46575115033152753, 0.468766065294186], ""interquartile_range"": 0.004196501317047074, ""mean"": 0.4672586078128568, ""median"": 0.46820760475793977, ""n"": 20, ""standard_deviation"": 0.0032209638435289904}",0.0037550207460694263,196.889,1.2375000000000114,0.8089999999999975,1.242610638937227,165.157,1.2439999999999998,0.16300000000001091,0.8388342059072139,single_sample_latency_primary_v1,,False
single_objective_tpe-rep-1,single_objective_tpe,1.0,0.4616930523085988,"{""confidence_interval_95"": [0.46384948563031353, 0.47047064730568094], ""interquartile_range"": 0.01033704887088338, ""mean"": 0.46716006646799724, ""median"": 0.4668304903453321, ""n"": 20, ""standard_deviation"": 0.00707367293030144}","{""confidence_interval_95"": [0.465345155074279, 0.4682304078656272], ""interquartile_range"": 0.004734175243032046, ""mean"": 0.4667877814699531, ""median"": 0.46619865783196346, ""n"": 20, ""standard_deviation"": 0.0030824401468952183}",0.005467014159398431,196.7075,2.1735000000000184,1.6200000000000045,1.128345381521099,164.2435,1.25,1.8329999999999984,1.3020039842488933,single_sample_latency_primary_v1,,False
single_objective_tpe-rep-10,single_objective_tpe,10.0,0.46239036278999673,"{""confidence_interval_95"": [0.4635944441748563, 0.4709122659820164], ""interquartile_range"": 0.009775900017277517, ""mean"": 0.46725335507843635, ""median"": 0.46649579096057625, ""n"": 20, ""standard_deviation"": 0.007817945032010698}","{""confidence_interval_95"": [0.46539478923674016, 0.46858789257747924], ""interquartile_range"": 0.004904221861018132, ""mean"": 0.4669913409071097, ""median"": 0.46700192286998776, ""n"": 20, ""standard_deviation"": 0.003411330182295831}",0.004862992288439616,195.1545,1.5710000000000264,1.677000000000021,1.8825695007090744,163.7115,2.1450000000000102,0.4900000000000091,1.1538543777271055,single_sample_latency_primary_v1,,False
single_objective_tpe-rep-11,single_objective_tpe,11.0,0.46293670808727844,"{""confidence_interval_95"": [0.463273671867488, 0.46991104141012796], ""interquartile_range"": 0.012872633762102237, ""mean"": 0.466592356638808, ""median"": 0.4670490951169165, ""n"": 20, ""standard_deviation"": 0.007090988494790725}","{""confidence_interval_95"": [0.4650027248840329, 0.4678136222062163], ""interquartile_range"": 0.00426063633917334, ""mean"": 0.4664081735451246, ""median"": 0.4657059012489351, ""n"": 20, ""standard_deviation"": 0.0030030029883966196}",0.0036556485515295556,197.4615,2.0635000000000048,1.2300000000000182,1.5408910571484284,165.015,1.3559999999999945,0.13549999999997908,0.22287653532841467,single_sample_latency_primary_v1,,False
single_objective_tpe-rep-12,single_objective_tpe,12.0,0.4625798773175597,"{""confidence_interval_95"": [0.464853615870798, 0.4718844021292309], ""interquartile_range"": 0.011846839481832128, ""mean"": 0.46836900900001444, ""median"": 0.4697537236006323, ""n"": 20, ""standard_deviation"": 0.007511292560644675}","{""confidence_interval_95"": [0.4678538240273165, 0.471508421836708], ""interquartile_range"": 0.006138179923981912, ""mean"": 0.46968112293201225, ""median"": 0.4695923839505861, ""n"": 20, ""standard_deviation"": 0.0039043646512372833}",0.005789131682454762,172.149,2.210499999999996,2.040999999999997,2.3123465624771793,140.2825,1.9540000000000077,0.9215000000000089,1.277992742545912,single_sample_latency_primary_v1,,False
single_objective_tpe-rep-13,single_objective_tpe,13.0,0.4623058734584372,"{""confidence_interval_95"": [0.4641670769575869, 0.4704916342822935], ""interquartile_range"": 0.010033504715007857, ""mean"": 0.4673293556199402, ""median"": 0.46905254099251426, ""n"": 20, ""standard_deviation"": 0.006756797694633373}","{""confidence_interval_95"": [0.4645820303400153, 0.46735420428065083], ""interquartile_range"": 0.0029457320031283096, ""mean"": 0.46596811731033305, ""median"": 0.46516502241057966, ""n"": 20, ""standard_deviation"": 0.002961633127750598}",0.005023482161503001,195.5815,4.631499999999988,1.2665000000000077,0.756123551412073,164.7145,0.9005000000000223,0.3015000000000043,0.5110145056649558,single_sample_latency_primary_v1,,False
single_objective_tpe-rep-14,single_objective_tpe,14.0,0.4618486159454126,"{""confidence_interval_95"": [0.46365593900919944, 0.4711291783230662], ""interquartile_range"": 0.012333324120707534, ""mean"": 0.46739255866613283, ""median"": 0.46807794907195444, ""n"": 20, ""standard_deviation"": 0.007983984265605594}","{""confidence_interval_95"": [0.4639510104918212, 0.46681321947408105], ""interquartile_range"": 0.0032592019740528833, ""mean"": 0.4653821149829511, ""median"": 0.4655637535809892, ""n"": 20, ""standard_deviation"": 0.0030578214505770675}",0.00554394272072023,195.4285,2.8259999999999934,0.396000000000015,1.2062752588028995,163.9005,2.384999999999991,0.8545000000000016,0.8906268438577366,single_sample_latency_primary_v1,,False
single_objective_tpe-rep-15,single_objective_tpe,15.0,0.46275206939640917,"{""confidence_interval_95"": [0.4662508839883551, 0.4732878914565425], ""interquartile_range"": 0.011794795045417195, ""mean"": 0.4697693877224488, ""median"": 0.4713338170786097, ""n"": 20, ""standard_deviation"": 0.007517938947667205}","{""confidence_interval_95"": [0.46643258697728324, 0.46976710480030753], ""interquartile_range"": 0.0030442912265260524, ""mean"": 0.4680998458887954, ""median"": 0.4683939772220666, ""n"": 20, ""standard_deviation"": 0.0035624093802280143}",0.007017318326039634,197.984,1.056999999999988,0.804000000000002,1.146625625476768,166.445,2.0305000000000177,1.13900000000001,0.5945478744390658,single_sample_latency_primary_v1,,False
single_objective_tpe-rep-16,single_objective_tpe,16.0,0.4617722937027381,"{""confidence_interval_95"": [0.46357502182151017, 0.4699856080180282], ""interquartile_range"": 0.01267323752481836, ""mean"": 0.4667803149197692, ""median"": 0.4676934785721133, ""n"": 20, ""standard_deviation"": 0.0068487060532557665}","{""confidence_interval_95"": [0.4651005195133598, 0.4677834045467106], ""interquartile_range"": 0.0032176846958666405, ""mean"": 0.4664419620300352, ""median"": 0.4665340660124776, ""n"": 20, ""standard_deviation"": 0.002866241932458397}",0.005008021217031089,194.206,2.2964999999999804,1.4575000000000102,1.066668915362207,163.577,3.156499999999994,0.4784999999999968,1.4005550863853948,single_sample_latency_primary_v1,,False
single_objective_tpe-rep-17,single_objective_tpe,17.0,0.4617809293101191,"{""confidence_interval_95"": [0.46314937907710496, 0.4698154610987101], ""interquartile_range"": 0.011772464210639877, ""mean"": 0.4664824200879075, ""median"": 0.4666483079549975, ""n"": 20, ""standard_deviation"": 0.007121663275920631}","{""confidence_interval_95"": [0.46381788102838034, 0.46627765713869435], ""interquartile_range"": 0.0032824821776720192, ""mean"": 0.46504776908353734, ""median"": 0.4646382371430858, ""n"": 20, ""standard_deviation"": 0.0026278850357728087}",0.00470149077778842,171.3345,1.4080000000000155,1.2634999999999934,0.9253584845885373,139.39,0.5099999999999909,0.7750000000000057,0.661521352641014,single_sample_latency_primary_v1,,False
single_objective_tpe-rep-18,single_objective_tpe,18.0,0.4601672623707943,"{""confidence_interval_95"": [0.46341904980296683, 0.4694780597034636], ""interquartile_range"": 0.010552097506650204, ""mean"": 0.4664485547532152, ""median"": 0.46691342047671347, ""n"": 20, ""standard_deviation"": 0.006473101914581282}","{""confidence_interval_95"": [0.46419266074448934, 0.46770884214338676], ""interquartile_range"": 0.006081991857376012, ""mean"": 0.46595075144393805, ""median"": 0.46458062554713186, ""n"": 20, ""standard_deviation"": 0.0037564884228612973}",0.006281292382420922,195.383,1.3129999999999882,0.9050000000000011,1.3611782855305832,163.1315,1.8039999999999736,0.6699999999999875,0.5349319582900225,single_sample_latency_primary_v1,,False
single_objective_tpe-rep-19,single_objective_tpe,19.0,0.4623213545143908,"{""confidence_interval_95"": [0.46354285460738165, 0.4710217113999752], ""interquartile_range"": 0.011433224678930043, ""mean"": 0.4672822830036784, ""median"": 0.4677224285988054, ""n"": 20, ""standard_deviation"": 0.007989985660701197}","{""confidence_interval_95"": [0.46474383968835076, 0.46687253519796823], ""interquartile_range"": 0.00257132209133043, ""mean"": 0.4658081874431595, ""median"": 0.46612290677908275, ""n"": 20, ""standard_deviation"": 0.0022741773334511244}",0.004960928489287586,170.128,2.3755000000000166,0.694500000000005,1.2395257661702708,137.995,1.2965000000000089,0.10300000000000864,0.9896825880048624,single_sample_latency_primary_v1,,False
single_objective_tpe-rep-2,single_objective_tpe,2.0,0.46382915049783974,"{""confidence_interval_95"": [0.46426808507700035, 0.4706412096460961], ""interquartile_range"": 0.010122109164152737, ""mean"": 0.46745464736154824, ""median"": 0.468607142733644, ""n"": 20, ""standard_deviation"": 0.006808684179026694}","{""confidence_interval_95"": [0.46714446769549345, 0.47011526083034305], ""interquartile_range"": 0.0034747285970638253, ""mean"": 0.46862986426291825, ""median"": 0.46918018820161167, ""n"": 20, ""standard_deviation"": 0.0031738265896286656}",0.0036254968637084994,171.7185,1.3489999999999895,0.10099999999999909,0.8075318569567375,140.5065,1.5440000000000111,0.6895000000000095,1.0031824734314354,single_sample_latency_primary_v1,,False
single_objective_tpe-rep-3,single_objective_tpe,3.0,0.4635005682956408,"{""confidence_interval_95"": [0.46516840251232905, 0.47220965275928894], ""interquartile_range"": 0.01175015856871392, ""mean"": 0.468689027635809, ""median"": 0.47071761155820213, ""n"": 20, ""standard_deviation"": 0.007522471691440036}","{""confidence_interval_95"": [0.4657570380615833, 0.468783029043353], ""interquartile_range"": 0.0038824219949982197, ""mean"": 0.46727003355246816, ""median"": 0.46765256077118667, ""n"": 20, ""standard_deviation"": 0.0032327968330259456}",0.0051884593401682055,195.6445,2.1365000000000123,0.5575000000000045,0.8736644521782908,162.4685,1.7245000000000061,0.4514999999999816,0.8163535539213376,single_sample_latency_primary_v1,,False
single_objective_tpe-rep-4,single_objective_tpe,4.0,0.46261339674470525,"{""confidence_interval_95"": [0.4650067817493934, 0.4712843303017667], ""interquartile_range"": 0.009776002023821617, ""mean"": 0.46814555602558006, ""median"": 0.4671373273180249, ""n"": 20, ""standard_deviation"": 0.006706576193234518}","{""confidence_interval_95"": [0.4670232879997984, 0.4701795878413664], ""interquartile_range"": 0.004097291764984967, ""mean"": 0.4686014379205824, ""median"": 0.46902683461264316, ""n"": 20, ""standard_deviation"": 0.003372011414896454}",0.005532159280874804,198.3985,0.9935000000000116,0.8414999999999964,0.7144511354879319,167.3075,1.3965000000000032,1.8400000000000034,1.270363579846333,single_sample_latency_primary_v1,,False
single_objective_tpe-rep-5,single_objective_tpe,5.0,0.46308957757714936,"{""confidence_interval_95"": [0.4640979080626961, 0.47024782879788557], ""interquartile_range"": 0.01050317744509005, ""mean"": 0.4671728684302908, ""median"": 0.46821783328167044, ""n"": 20, ""standard_deviation"": 0.006570225884960853}","{""confidence_interval_95"": [0.46503447345834575, 0.4680428909448225], ""interquartile_range"": 0.0037510041792531146, ""mean"": 0.4665386822015841, ""median"": 0.4665775866591036, ""n"": 20, ""standard_deviation"": 0.0032140223091524775}",0.0040832908531414636,198.157,1.4945000000000164,2.298000000000002,1.4182846769954245,165.3965,0.9975000000000023,1.2009999999999934,0.7592302845645689,single_sample_latency_primary_v1,,False
single_objective_tpe-rep-6,single_objective_tpe,6.0,0.46020300098680644,"{""confidence_interval_95"": [0.4636187920593498, 0.4709277553253784], ""interquartile_range"": 0.010618263097313008, ""mean"": 0.4672732736923641, ""median"": 0.4678238579867612, ""n"": 20, ""standard_deviation"": 0.00780848106999371}","{""confidence_interval_95"": [0.46586556057803585, 0.46780148310534775], ""interquartile_range"": 0.002082414256894649, ""mean"": 0.4668335218416918, ""median"": 0.4667948772508982, ""n"": 20, ""standard_deviation"": 0.002068229632203747}",0.007070272705557656,171.244,1.7890000000000157,2.028500000000008,1.5479819685642302,138.4015,1.1799999999999784,1.1304999999999836,0.6978940105775312,single_sample_latency_primary_v1,,False
single_objective_tpe-rep-7,single_objective_tpe,7.0,0.46180329296575917,"{""confidence_interval_95"": [0.465121483778366, 0.4715512594893538], ""interquartile_range"": 0.011467254913273106, ""mean"": 0.4683363716338599, ""median"": 0.46975604293575146, ""n"": 20, ""standard_deviation"": 0.006869207040198168}","{""confidence_interval_95"": [0.4664702845957829, 0.46875888818327627], ""interquartile_range"": 0.0033808426230121924, ""mean"": 0.4676145863895296, ""median"": 0.4681256470005835, ""n"": 20, ""standard_deviation"": 0.0024450140381361606}",0.006533078668100711,198.2445,1.0570000000000164,1.1535000000000082,0.849208351937257,167.157,1.4639999999999986,0.6684999999999945,1.1516310172967703,single_sample_latency_primary_v1,,False
single_objective_tpe-rep-8,single_objective_tpe,8.0,0.46216143393114095,"{""confidence_interval_95"": [0.46407117476113174, 0.471332416558318], ""interquartile_range"": 0.012708303852403291, ""mean"": 0.46770179565972486, ""median"": 0.47023562685659015, ""n"": 20, ""standard_deviation"": 0.007757498164138987}","{""confidence_interval_95"": [0.4643605382746899, 0.46819171986579156], ""interquartile_range"": 0.0056064758259261605, ""mean"": 0.46627612907024074, ""median"": 0.46661946597818194, ""n"": 20, ""standard_deviation"": 0.0040930167304125435}",0.005540361728583909,197.0085,1.0714999999999861,2.8300000000000125,2.191877391643971,165.2775,1.4339999999999975,1.9395000000000095,1.498414687261177,single_sample_latency_primary_v1,,False
single_objective_tpe-rep-9,single_objective_tpe,9.0,0.46352383475491504,"{""confidence_interval_95"": [0.4633577248793613, 0.47062184344594776], ""interquartile_range"": 0.007983734339199688, ""mean"": 0.4669897841626545, ""median"": 0.4698370694985917, ""n"": 20, ""standard_deviation"": 0.007760571541112776}","{""confidence_interval_95"": [0.46504045642062947, 0.46831660386623913], ""interquartile_range"": 0.003800844628459199, ""mean"": 0.4666785301434343, ""median"": 0.4667924784333147, ""n"": 20, ""standard_deviation"": 0.0035000497855083444}",0.003465949407739477,169.691,0.7599999999999909,0.19849999999999568,0.45385011292276284,138.666,1.1674999999999898,1.2104999999999961,0.76820036448833,single_sample_latency_primary_v1,,False
