optimizer,replicate_id,sampler_seed,development_split_seed,status,selected_trial_number,selected_score,selection_rule,model_fit_evaluations,method_wall_time_s,replicate_wall_time_s_all_four_methods
random_search,0,10001,42,completed,104,0.466567104948276,minimum_validation_rmse,140,34.8145516999939,147.13561769999797
single_objective_tpe,0,10001,42,completed,100,0.463618979189476,minimum_validation_rmse,140,53.85657959999662,147.13561769999797
constrained_tpe,0,10001,42,completed,22,0.47299689597447786,minimum_validation_rmse_among_measured_feasible_trials,140,32.03984879999916,147.13561769999797
multi_objective_tpe,0,10001,42,completed,44,0.8353216079264751,maximum_predeclared_derringer_suich_desirability,140,26.42459410000447,147.13561769999797
random_search,1,10002,42,completed,97,0.46652594451396606,minimum_validation_rmse,140,32.99854459999915,136.86760890000005
single_objective_tpe,1,10002,42,completed,41,0.4616930523085988,minimum_validation_rmse,140,55.31306239999685,136.86760890000005
constrained_tpe,1,10002,42,completed,65,0.4710472065189529,minimum_validation_rmse_among_measured_feasible_trials,140,23.597255199994834,136.86760890000005
multi_objective_tpe,1,10002,42,completed,116,0.8411953274876323,maximum_predeclared_derringer_suich_desirability,140,24.95871079999779,136.86760890000005
random_search,2,10003,42,completed,23,0.4694289594733762,minimum_validation_rmse,140,31.55284440000105,128.45887260000018
single_objective_tpe,2,10003,42,completed,122,0.46382915049783974,minimum_validation_rmse,140,49.78875139999582,128.45887260000018
constrained_tpe,2,10003,42,completed,95,0.4707669731631327,minimum_validation_rmse_among_measured_feasible_trials,140,22.51405369999702,128.45887260000018
multi_objective_tpe,2,10003,42,completed,30,0.8472085383549985,maximum_predeclared_derringer_suich_desirability,140,24.603190200003155,128.45887260000018
random_search,3,10004,42,completed,94,0.4684066594076118,minimum_validation_rmse,140,32.10836449999624,142.4636887000015
single_objective_tpe,3,10004,42,completed,62,0.4635005682956408,minimum_validation_rmse,140,56.707477000003564,142.4636887000015
constrained_tpe,3,10004,42,completed,82,0.46537022611305967,minimum_validation_rmse_among_measured_feasible_trials,140,24.637456099997507,142.4636887000015
multi_objective_tpe,3,10004,42,completed,46,0.8599795033285873,maximum_predeclared_derringer_suich_desirability,140,29.010365899994213,142.4636887000015
random_search,4,10005,42,completed,114,0.46844072076597376,minimum_validation_rmse,140,34.90045249999821,143.94010650000564
single_objective_tpe,4,10005,42,completed,81,0.46261339674470525,minimum_validation_rmse,140,53.92983639999875,143.94010650000564
constrained_tpe,4,10005,42,completed,83,0.4754906202812051,minimum_validation_rmse_among_measured_feasible_trials,140,27.987364600005094,143.94010650000564
multi_objective_tpe,4,10005,42,completed,68,0.8486165060063431,maximum_predeclared_derringer_suich_desirability,140,27.12242089999927,143.94010650000564
random_search,5,10006,42,completed,63,0.46907802103108676,minimum_validation_rmse,140,34.476146599998174,139.76809720000165
single_objective_tpe,5,10006,42,completed,89,0.46308957757714936,minimum_validation_rmse,140,55.710169699996186,139.76809720000165
constrained_tpe,5,10006,42,completed,139,0.46947551831597,minimum_validation_rmse_among_measured_feasible_trials,140,23.839778900000965,139.76809720000165
multi_objective_tpe,5,10006,42,completed,27,0.8518470445046172,maximum_predeclared_derringer_suich_desirability,140,25.74196970000048,139.76809720000165
random_search,6,10007,42,completed,118,0.4682640593905174,minimum_validation_rmse,140,31.39961570000014,139.15978919999907
single_objective_tpe,6,10007,42,completed,113,0.46020300098680644,minimum_validation_rmse,140,55.09128210000199,139.15978919999907
constrained_tpe,6,10007,42,completed,22,0.46675380241725273,minimum_validation_rmse_among_measured_feasible_trials,140,23.757914400004665,139.15978919999907
multi_objective_tpe,6,10007,42,completed,63,0.8497258586049997,maximum_predeclared_derringer_suich_desirability,140,28.91094499999599,139.15978919999907
random_search,7,10008,42,completed,87,0.47155558773696843,minimum_validation_rmse,140,31.350221200002125,140.01412970000092
single_objective_tpe,7,10008,42,completed,61,0.46180329296575917,minimum_validation_rmse,140,55.32191520000197,140.01412970000092
constrained_tpe,7,10008,42,completed,81,0.4693313526919546,minimum_validation_rmse_among_measured_feasible_trials,140,28.210237999999663,140.01412970000092
multi_objective_tpe,7,10008,42,completed,71,0.844556871482148,maximum_predeclared_derringer_suich_desirability,140,25.131715299998177,140.01412970000092
random_search,8,10009,42,completed,78,0.4712697898760081,minimum_validation_rmse,140,29.530449599995336,140.54541659999813
single_objective_tpe,8,10009,42,completed,131,0.46216143393114095,minimum_validation_rmse,140,56.40884080000251,140.54541659999813
constrained_tpe,8,10009,42,completed,106,0.4740115348207335,minimum_validation_rmse_among_measured_feasible_trials,140,26.40695330000017,140.54541659999813
multi_objective_tpe,8,10009,42,completed,137,0.836678224595195,maximum_predeclared_derringer_suich_desirability,140,28.19913970000198,140.54541659999813
random_search,9,10010,42,completed,52,0.47016099571535536,minimum_validation_rmse,140,32.47339620000275,134.06236179999541
single_objective_tpe,9,10010,42,completed,88,0.46352383475491504,minimum_validation_rmse,140,52.16624230000161,134.06236179999541
constrained_tpe,9,10010,42,completed,89,0.4673078833817627,minimum_validation_rmse_among_measured_feasible_trials,140,24.369795800004795,134.06236179999541
multi_objective_tpe,9,10010,42,completed,122,0.8520066927432433,maximum_predeclared_derringer_suich_desirability,140,25.0528964000041,134.06236179999541
random_search,10,10011,42,completed,91,0.4665505165148094,minimum_validation_rmse,140,34.86361160000524,143.70761780000612
single_objective_tpe,10,10011,42,completed,82,0.46239036278999673,minimum_validation_rmse,140,56.710623900005885,143.70761780000612
constrained_tpe,10,10011,42,completed,134,0.4722781554466355,minimum_validation_rmse_among_measured_feasible_trials,140,27.22436330000346,143.70761780000612
multi_objective_tpe,10,10011,42,completed,45,0.8504569441478615,maximum_predeclared_derringer_suich_desirability,140,24.908995400001004,143.70761780000612
random_search,11,10012,42,completed,111,0.4685305241981275,minimum_validation_rmse,140,33.644146500002535,140.0547385999962
single_objective_tpe,11,10012,42,completed,83,0.46293670808727844,minimum_validation_rmse,140,56.27489980000246,140.0547385999962
constrained_tpe,11,10012,42,completed,125,0.4733412803374717,minimum_validation_rmse_among_measured_feasible_trials,140,24.182150900000124,140.0547385999962
multi_objective_tpe,11,10012,42,completed,89,0.8486017403166342,maximum_predeclared_derringer_suich_desirability,140,25.95351720000326,140.0547385999962
random_search,12,10013,42,completed,128,0.4668431588780189,minimum_validation_rmse,140,33.30198720000044,138.48703379999642
single_objective_tpe,12,10013,42,completed,132,0.4625798773175597,minimum_validation_rmse,140,51.65264190000016,138.48703379999642
constrained_tpe,12,10013,42,completed,89,0.47312719399807035,minimum_validation_rmse_among_measured_feasible_trials,140,27.115249000002223,138.48703379999642
multi_objective_tpe,12,10013,42,completed,89,0.8720503897092966,maximum_predeclared_derringer_suich_desirability,140,26.417129900000873,138.48703379999642
random_search,13,10014,42,completed,3,0.4692675336283937,minimum_validation_rmse,140,31.083736599997792,140.44504640000378
single_objective_tpe,13,10014,42,completed,95,0.4623058734584372,minimum_validation_rmse,140,53.90179419999913,140.44504640000378
constrained_tpe,13,10014,42,completed,43,0.466391988880799,minimum_validation_rmse_among_measured_feasible_trials,140,28.998845499998424,140.44504640000378
multi_objective_tpe,13,10014,42,completed,31,0.875171990500748,maximum_predeclared_derringer_suich_desirability,140,26.46064099999785,140.44504640000378
random_search,14,10015,42,completed,11,0.46655017792157355,minimum_validation_rmse,140,32.79962329999398,141.5348548999973
single_objective_tpe,14,10015,42,completed,132,0.4618486159454126,minimum_validation_rmse,140,56.082163999999466,141.5348548999973
constrained_tpe,14,10015,42,completed,125,0.4735591786517146,minimum_validation_rmse_among_measured_feasible_trials,140,27.04530920000252,141.5348548999973
multi_objective_tpe,14,10015,42,completed,51,0.8548304510401945,maximum_predeclared_derringer_suich_desirability,140,25.60773160000099,141.5348548999973
random_search,15,10016,42,completed,50,0.4680225975609217,minimum_validation_rmse,140,34.553224399998726,147.96306310000364
single_objective_tpe,15,10016,42,completed,61,0.46275206939640917,minimum_validation_rmse,140,55.78053970000474,147.96306310000364
constrained_tpe,15,10016,42,completed,45,0.4696999706713864,minimum_validation_rmse_among_measured_feasible_trials,140,30.843838099994173,147.96306310000364
multi_objective_tpe,15,10016,42,completed,48,0.8370368326400006,maximum_predeclared_derringer_suich_desirability,140,26.7854382000005,147.96306310000364
random_search,16,10017,42,completed,59,0.4709708415965058,minimum_validation_rmse,140,30.48278510000091,133.6063815000016
single_objective_tpe,16,10017,42,completed,138,0.4617722937027381,minimum_validation_rmse,140,53.072575099999085,133.6063815000016
constrained_tpe,16,10017,42,completed,131,0.4692602722761177,minimum_validation_rmse_among_measured_feasible_trials,140,28.91034569999465,133.6063815000016
multi_objective_tpe,16,10017,42,completed,89,0.8625953662237258,maximum_predeclared_derringer_suich_desirability,140,21.140640199999325,133.6063815000016
random_search,17,10018,42,completed,71,0.4687123855484811,minimum_validation_rmse,140,32.53495059999841,135.87848300000041
single_objective_tpe,17,10018,42,completed,71,0.4617809293101191,minimum_validation_rmse,140,53.12482799999998,135.87848300000041
constrained_tpe,17,10018,42,completed,80,0.4693135734798896,minimum_validation_rmse_among_measured_feasible_trials,140,23.82881439999619,135.87848300000041
multi_objective_tpe,17,10018,42,completed,13,0.8524996754065048,maximum_predeclared_derringer_suich_desirability,140,26.38985590000084,135.87848300000041
random_search,18,10019,42,completed,91,0.46542043080989354,minimum_validation_rmse,140,30.24275150000176,139.169306900003
single_objective_tpe,18,10019,42,completed,71,0.4601672623707943,minimum_validation_rmse,140,55.90137140000297,139.169306900003
constrained_tpe,18,10019,42,completed,89,0.4681988009111331,minimum_validation_rmse_among_measured_feasible_trials,140,25.021287399998982,139.169306900003
multi_objective_tpe,18,10019,42,completed,10,0.8640258957212571,maximum_predeclared_derringer_suich_desirability,140,28.003873399997246,139.169306900003
random_search,19,10020,42,completed,114,0.46428326395500613,minimum_validation_rmse,140,33.01024830000097,134.3292200999931
single_objective_tpe,19,10020,42,completed,119,0.4623213545143908,minimum_validation_rmse,140,43.82193109999935,134.3292200999931
constrained_tpe,19,10020,42,completed,131,0.4693165344782029,minimum_validation_rmse_among_measured_feasible_trials,140,29.455331400000432,134.3292200999931
multi_objective_tpe,19,10020,42,completed,100,0.8688587225725721,maximum_predeclared_derringer_suich_desirability,140,28.041679500005557,134.3292200999931
