,SS,DF,MS,F,p_value,partial_eta_sq
Intercept,4.728574190828815,1.0,4.728574190828815,68316.18435504677,2.154611258745424e-168,0.9982319553158082
C(block),0.0002505336764939334,4.0,6.263341912348335e-05,0.9048977630351631,0.463463355074057,0.02904512060729056
x1,1.3729043874230205,1.0,1.3729043874230205,19835.067707080645,5.187146130231116e-136,0.9939366812251761
x2,0.12113870659342006,1.0,0.12113870659342006,1750.154249079774,8.313954426511585e-74,0.9353340324243673
x3,0.001996655800538246,1.0,0.001996655800538246,28.84673059115854,3.850735073787209e-07,0.19250824143680442
x4,0.0002832957127950941,1.0,0.0002832957127950941,4.092921324961121,0.045266897099536296,0.032719048221191524
I(x1 ** 2),0.12574189677689868,1.0,0.12574189677689868,1816.6589451054372,1.0038138163263091e-74,0.9375535099684864
I(x2 ** 2),0.0077485654187564226,1.0,0.0077485654187564226,111.94757706489959,6.37423980749282e-19,0.4805698280936006
I(x3 ** 2),9.050241750442081e-07,1.0,9.050241750442081e-07,0.013075357579883333,0.9091518311748815,0.00010804913056913178
I(x4 ** 2),4.557880125580581e-05,1.0,4.557880125580581e-05,0.658500779222815,0.4186831432881401,0.005412698455143841
x1:x2,0.08083544255689598,1.0,0.08083544255689598,1167.8719151429345,5.266434504891684e-64,0.9061194533154358
x1:x3,0.0018613792978619062,1.0,0.0018613792978619062,26.892320208073706,8.748848578663979e-07,0.18183716483883794
x1:x4,0.007417174705235246,1.0,0.007417174705235246,107.1598021110091,2.2641245748262973e-18,0.469669946763328
x2:x3,0.0005842688882723163,1.0,0.0005842688882723163,8.441238198513611,0.004362637909743446,0.06521289749691643
x2:x4,0.00012789670242315725,1.0,0.00012789670242315725,1.8477905492292785,0.17656860051367784,0.015041300628754951
x3:x4,3.9091441244247705e-05,1.0,3.9091441244247705e-05,0.5647744962796939,0.45380212468675696,0.004645872939919598
Residual,0.00837513808026398,121.0,6.92160171922643e-05,,,
