trial,method,x1,x2,x3,x4,eta,depth,subsample,reg_lambda,seed,Y1_RMSE,Y2_Latency_us,fit_time_sec,cum_best_RMSE
1,Optuna_TPE,-0.250919762305275,0.9014286128198323,0.4639878836228102,0.1973169683940732,0.03574712922600244,9,0.8659969709057025,1.5751320499779728,303,0.4951807557673004,153.6956,0.23155980000001364,0.4951807557673004
2,Optuna_TPE,-0.687962719115127,-0.6880109593275947,-0.8838327756636011,0.7323522915498704,0.01700037298921102,4,0.5290418060840998,5.399484409787433,404,0.6828856183009712,137.5983,0.05950380000012956,0.4951807557673004
3,Optuna_TPE,0.2022300234864176,0.416145155592091,-0.9588310114083951,0.9398197043239886,0.07725378389307355,7,0.5102922471479012,8.706020878304855,202,0.48092031069708086,126.6573,0.12102360000017143,0.48092031069708086
4,Optuna_TPE,0.6648852816008435,-0.5753217786434477,-0.6363500655857988,-0.6331909802931324,0.1696753360719655,4,0.5909124836035503,0.23270677083837799,404,0.5025391537437262,110.9406,0.05747900000005757,0.48092031069708086
5,Optuna_TPE,-0.39151551408092455,0.04951286326447568,-0.13610996271576847,-0.4175417196039162,0.028145092716060652,6,0.7159725093210578,0.3823475224675185,404,0.5533000976170571,135.9398,0.08755220000011832,0.48092031069708086
6,Optuna_TPE,0.22370578944475894,-0.7210122786959163,-0.4157107029295637,-0.2672763134126166,0.08012737503998542,4,0.6460723242676091,0.5404103854647329,101,0.5267492961168136,121.6244,0.057311200000185636,0.48092031069708086
7,Optuna_TPE,-0.08786003156592814,0.5703519227860272,-0.6006524356832805,0.02846887682722321,0.04717052037625178,8,0.5998368910791798,1.0677482709481352,202,0.4821875398335742,147.5716,0.1581955999999991,0.48092031069708086
8,Optuna_TPE,0.18482913772408494,-0.9070991745600046,0.21508970380287673,-0.6589517526254169,0.07500118950416987,3,0.8037724259507192,0.2193048555664369,202,0.5584590318200878,110.673,0.04584350000004633,0.48092031069708086
9,Optuna_TPE,-0.869896814029441,0.8977710745066665,0.9312640661491187,0.6167946962329223,0.012476394272569451,9,0.9828160165372797,4.138040112561015,202,0.6281539474119024,160.4381,0.2881014999998115,0.48092031069708086
10,Optuna_TPE,-0.39077246165325863,-0.8046557719872323,0.3684660530243138,-0.1196950125207974,0.028180680291847244,4,0.8421165132560784,0.7591104805282693,404,0.6071381853154275,123.1822,0.05553630000031262,0.48092031069708086
11,Optuna_TPE,0.6009524238844964,-0.3369000377542861,-0.8639729857681325,0.49560763750708303,0.15219501457389983,5,0.5340067535579669,3.130456241846806,303,0.48343449457213133,112.7006,0.0686956999998074,0.48092031069708086
12,Optuna_TPE,0.8642806824703855,0.9139778611188154,-0.8076365112146402,0.9242220056173459,0.23816849394622677,9,0.54809087219634,8.398892171038357,202,0.4728442383289626,152.7734,0.2250618999996732,0.4728442383289626
13,Optuna_TPE,0.8028268410682274,0.7377842884612815,-0.4741394100193747,0.8989457526179895,0.21453439147005332,8,0.6314651474951564,7.924023459450293,404,0.4749512050582222,141.0117,0.136533800000052,0.4728442383289626
14,Optuna_TPE,0.8663539275788121,0.9196032735888737,-0.5265864771556344,0.9950074285872818,0.2390097004732451,9,0.6183533807110914,9.885700039570994,101,0.480160190850261,133.1892,0.1998963000000913,0.4728442383289626
15,Optuna_TPE,0.849797232346662,0.9997159365082643,-0.48641517865601913,0.3804235313757458,0.2323739307484454,9,0.6283962053359953,2.401173442813377,303,0.4817946983174564,146.2076,0.18289869999989605,0.4728442383289626
16,Optuna_TPE,0.9151736359002061,0.42097547163867555,-0.797989756489436,0.975245714020749,0.25969993565970395,7,0.550502560877641,9.445951557603408,101,0.4726520745574048,123.6547,0.11646040000005087,0.4726520745574048
17,Optuna_TPE,0.8169122959257992,0.2319828424925711,-0.1738479066192805,0.5853489833978819,0.219735327394518,7,0.7065380233451799,3.849009503460519,303,0.4652611681679423,140.5737,0.12234630000011748,0.4652611681679423
18,Optuna_TPE,0.7965481040129019,-0.02912930567582378,-0.5762258383720327,0.9177212441357729,0.2122558627447648,6,0.6059435404069918,8.274109120149138,404,0.4729639799412648,127.6613,0.08991400000013527,0.4652611681679423
19,Optuna_TPE,0.7802479118728941,0.6404754527122178,-0.08470549793885869,0.3807137890515113,0.2064529128128113,8,0.7288236255152853,2.4027787866696975,42,0.46814752599113796,156.7404,0.14922040000010384,0.4652611681679423
20,Optuna_TPE,0.4670614768883422,0.706839777370441,0.07082605262984411,0.6141624101416501,0.1212031326149342,8,0.7677065131574611,4.113035047109398,303,0.46352737850477077,131.3994,0.1693475000001854,0.46352737850477077
21,Optuna_TPE,0.6936505725889577,-0.06186420534019052,0.08582842421931752,0.6900585383549664,0.1781819179704245,6,0.7714571060548294,4.898448408813367,101,0.473343149593807,129.6384,0.07531810000000405,0.46352737850477077
22,Optuna_TPE,0.9361073790193429,0.37562356562949467,-0.08031838081094046,0.5000434666723867,0.26911176243773016,7,0.7299204047972648,3.1625941748181927,404,0.4720193109241391,128.577,0.11686460000009902,0.46352737850477077
23,Optuna_TPE,0.4847268377807624,0.6330842837533184,0.14475030873525935,0.4552903677042064,0.12489952443594249,8,0.7861875771838148,2.85292508527801,303,0.46157035180957534,123.7056,0.16514330000018163,0.46157035180957534
24,Optuna_TPE,0.3316132277624922,0.7068410218647252,-0.21801408118081456,0.4839266110083129,0.09626692528449952,8,0.6954964797047963,3.0473799864422144,42,0.46385322918486543,142.1434,0.14494699999977456,0.46157035180957534
25,Optuna_TPE,0.015286305745095097,0.5194149094041576,-0.05724934866364391,0.5400481813183805,0.05621477683595217,8,0.735687662834089,3.467753201223633,42,0.4743361693141592,160.7674,0.17196370000010575,0.46157035180957534
26,Optuna_TPE,0.4964213247873695,0.7876160291232404,0.261367611846411,0.7373259822889687,0.12740834442812607,8,0.8153419029616027,5.461676617903964,202,0.46164903569536214,160.1225,0.1452988999999434,0.46157035180957534
27,Optuna_TPE,0.37157982602434336,0.8517369129807504,0.5125515663119948,0.7241989157440684,0.10303739179646423,9,0.8781378915779987,5.299060961340238,202,0.4628274444523096,149.8124,0.1964788000000226,0.46157035180957534
28,Optuna_TPE,0.3405155469997468,0.9886516588021368,0.48107050875740354,0.4700746119066975,0.09773542444990747,9,0.8702676271893509,2.9517162887464585,101,0.4693666308354757,143.1602,0.24191100000007282,0.46157035180957534
29,Optuna_TPE,0.8060954801236444,0.8172120639879128,0.41165102944434384,0.44951859138276,0.21573023217430165,8,0.852912757361086,2.8152605289044317,303,0.472533181524493,124.5527,0.15719709999984843,0.46157035180957534
30,Optuna_TPE,0.6718191313420259,0.7607176502205142,0.6117800762663973,0.7115985992334016,0.17168793869734497,8,0.9029450190665993,5.147526596534442,303,0.4601090056631221,143.4001,0.15376980000019103,0.4601090056631221
31,Optuna_TPE,0.8878320630632518,0.4932220623331703,0.7760897536082982,0.7969858970116642,0.24790108801248234,7,0.9440224384020746,6.265935167634655,202,0.4548445284233735,138.8989,0.10010020000026998,0.4548445284233735
32,Optuna_TPE,0.5909395660513137,0.6381205635212304,0.8222146617191674,0.8427563633037906,0.14962539984852932,8,0.9555536654297918,6.9623582025825534,303,0.46228226378479204,148.7672,0.1410582999997132,0.4548445284233735
33,Optuna_TPE,0.6518554131242589,0.2668494088972093,0.6520854325170494,0.5301469521623772,0.16595692155863048,7,0.9130213581292623,3.389588301883866,303,0.4640187898785789,143.5745,0.09385100000008606,0.4548445284233735
34,Optuna_TPE,0.33927626470426175,0.442097610543257,0.33808308552667915,0.950640643574703,0.09752966180822342,7,0.8345207713816698,8.925666249552759,42,0.4718795693493912,128.4252,0.11173830000007001,0.4548445284233735
35,Optuna_TPE,0.8616496295666204,0.2665965825988563,0.8970484348668157,0.8166949769495563,0.23710522165148476,7,0.9742621087167039,6.556845900283198,202,0.4648967929561814,150.2616,0.09798090000003867,0.4548445284233735
36,Optuna_TPE,0.8664355110270996,0.5476707318411853,0.8194553521354585,0.5025519460251062,0.23904286314812775,8,0.9548638380338647,3.1809141351711547,404,0.46945118696121346,156.1761,0.15078300000004674,0.4548445284233735
37,Optuna_TPE,0.7206327209169847,0.47863832378646337,0.5570153414041699,0.7880544036852516,0.18654842289793394,7,0.8892538353510424,6.138388954036815,202,0.4649084675834394,132.5514,0.1148204999999507,0.4548445284233735
38,Optuna_TPE,0.8129493871037261,0.924652640452418,0.7131547233582114,0.9184156186442161,0.21825944006793735,9,0.9282886808395528,8.287348813768746,404,0.4666659079310637,157.7861,0.18983069999967483,0.4548445284233735
39,Optuna_TPE,0.9971495366620083,0.6222651117830061,0.10503961428972992,0.7302889044986203,0.29854927077530397,8,0.7762599035724325,5.373891633760175,42,0.483411832634194,159.4004,0.16987869999957184,0.4548445284233735
40,Optuna_TPE,0.21229774818161407,0.5657851320135874,0.40167914661235427,0.37375711652283733,0.07858784600109009,8,0.8504197866530886,2.364596903461493,101,0.4713915493109771,141.9206,0.15447059999996782,0.4548445284233735
41,Optuna_TPE,0.41497238763874417,0.9996350276498128,0.15592898096408975,0.7439513933405243,0.1109284371430933,9,0.7889822452410225,5.545636421839664,303,0.46857391702184537,156.7709,0.21647380000013072,0.4548445284233735
42,Optuna_TPE,0.5844964026651611,0.6507589361557071,0.8274580631589911,0.7135077298934255,0.1479948685188325,8,0.9568645157897477,5.170204601981479,42,0.46019093341560546,128.577,0.17000839999991513,0.4548445284233735
43,Optuna_TPE,0.9674953532492091,0.3538423628524484,0.5084448219734327,0.6629340590512384,0.28386680025283695,7,0.8771112054933582,4.601866959926583,303,0.4697128535948008,130.4262,0.11962829999993119,0.4548445284233735
44,Optuna_TPE,0.9062477759808318,0.7265950683153773,0.489452511379786,0.7677068621794719,0.25578763904043267,8,0.8723631278449465,5.857426695274683,101,0.46997668542660703,135.4103,0.16710060000013982,0.4548445284233735
45,Optuna_TPE,0.5161668512023384,0.6577450971146136,0.6331511844815421,0.5753941903587678,0.1317592581090723,8,0.9082877961203855,3.761786905426123,101,0.471765993229091,151.5174,0.15138320000005479,0.4548445284233735
46,Optuna_TPE,0.3947951338739532,0.691404293341563,0.42072515749476996,0.9446208812693182,0.1071866676148397,8,0.8551812893736925,8.802800942325598,42,0.46044889769200453,144.1468,0.15337339999996402,0.4548445284233735
47,Optuna_TPE,0.621379709433123,0.4232263753959914,0.8336707847431694,0.6974132640055078,0.157574963568178,7,0.9584176961857923,4.982109448346002,101,0.4619478530723209,148.4329,0.09743440000011105,0.4548445284233735
48,Optuna_TPE,0.330696567039222,0.7024119169652231,0.6540165482676632,0.8617110718405556,0.09611697437515625,8,0.9135041370669158,7.272957869928246,404,0.4688870258673539,138.2705,0.12859449999996286,0.4548445284233735
49,Optuna_TPE,0.5655253951298651,0.8746503136409158,0.9128670907451926,0.8345056882009074,0.14329644557077917,9,0.9782167726862981,6.831336653093877,101,0.46440337156006917,147.6983,0.2090794000000642,0.4548445284233735
50,Optuna_TPE,0.8073778378729368,0.5746500406143842,0.901060905708552,0.7383137537486377,0.21620120482385535,8,0.975265226427138,5.4741129446503844,303,0.46237102588156087,143.6159,0.16603119999990668,0.4548445284233735
51,Optuna_TPE,0.9740656688931362,0.3965751302533326,0.6287371499855132,0.8535501223466679,0.2870563635426632,7,0.9071842874963782,7.137565757066553,303,0.4626384358565527,134.7637,0.11411769999995158,0.4548445284233735
52,Optuna_TPE,0.6321290062338764,0.8289106226704577,0.6137264588872668,0.7352783810370461,0.1604819610854744,8,0.9034316147218167,5.435986644241695,303,0.46263483119962767,142.6835,0.16673149999996895,0.4548445284233735
53,Optuna_TPE,0.8734426916531619,0.8325357225065326,0.7270621294062785,0.7155047258409686,0.24190843378501903,8,0.9317655323515697,5.194033254419546,303,0.46483652895353156,131.2698,0.16015739999966172,0.4548445284233735
54,Optuna_TPE,0.6829555943366472,0.7077999849566878,0.41787238530669907,0.8227186159504098,0.17497046241014735,8,0.8544680963266748,6.648422582002364,404,0.4625964319988436,146.8233,0.14950509999971473,0.4548445284233735
55,Optuna_TPE,0.47540066400068803,0.5839265503339097,0.28174938639370617,0.8621081221687825,0.12293423414668754,8,0.8204373465984265,7.279610155127805,202,0.46088957706245887,154.7801,0.12699489999977231,0.4548445284233735
56,Optuna_TPE,0.978606287927167,0.7418558295613431,0.8475815689470723,0.8695567188004225,0.28928152702906035,8,0.9618953922367681,7.405539773845974,42,0.46385144629812924,123.3647,0.16139109999994616,0.4548445284233735
57,Optuna_TPE,0.20664197511021187,0.6966531654697795,0.2632850245919136,0.7777597984505046,0.07783559580433592,8,0.8158212561479784,5.994594328255622,303,0.4705144708022038,125.0091,0.1670443999996678,0.4548445284233735
58,Optuna_TPE,0.6874470809864913,0.5880761293234793,0.3211003233313967,0.9853211661074563,0.17631204176514523,8,0.8302750808328492,9.667655497102698,101,0.4641063333331449,149.6891,0.16198759999997492,0.4548445284233735
59,Optuna_TPE,0.58148797902862,0.6361675826458318,0.839235818947407,0.5750996241353441,0.14723964238162293,8,0.9598089547368518,3.759236286657802,303,0.4631539481924418,152.4255,0.16958189999968454,0.4548445284233735
60,Optuna_TPE,0.9671451528165999,0.5729026653991451,0.7413800921777958,0.7653260450044601,0.28369779359817315,8,0.9353450230444489,5.825403937303809,101,0.46961329836030596,138.471,0.16918549999991228,0.4548445284233735
61,Optuna_TPE,0.824542460635042,0.5241189846439269,0.7281458498397193,0.9470992397011607,0.22260515860870458,8,0.9320364624599298,8.853178888119036,101,0.463450230227423,138.6624,0.14468080000006012,0.4548445284233735
62,Optuna_TPE,0.3235117757793091,0.5272929955807831,0.547561326362146,0.7414657765005388,0.09494971979589528,8,0.8868903315905365,5.513987490588713,303,0.46480405232196176,147.8053,0.13728900000023714,0.4548445284233735
63,Optuna_TPE,0.5109931884928888,0.7585930204982395,0.2864251263564586,0.7678069663568563,0.130605082313963,8,0.8216062815891146,5.858776978290574,404,0.46452644961411926,149.9456,0.15981890000011845,0.4548445284233735
64,Optuna_TPE,0.8960483447743541,0.40654720020462365,0.7615894060158208,0.670498333743865,0.25138922264101426,7,0.9403973515039552,4.68272154751999,101,0.47125690073036947,125.5791,0.11731120000013107,0.4548445284233735
65,Optuna_TPE,0.6250440107783762,0.884418494044795,0.17935089309944596,0.8517946840915667,0.15855995872445236,9,0.7948377232748615,7.1087736170266345,101,0.4640548486654606,142.5887,0.2009392999998454,0.4548445284233735
66,Optuna_TPE,0.38064994332242563,0.45907780243056256,0.17104266430648196,0.8054034227588602,0.1046390259521352,7,0.7927606660766204,6.38856654322891,303,0.4702709726084526,138.7102,0.11103000000002794,0.4548445284233735
67,Optuna_TPE,0.5251741559581724,0.7334960140493026,0.6197005674994222,0.8428111122865778,0.13379305839680908,8,0.9049251418748555,6.963235961967,101,0.46169950577046914,141.5054,0.15524770000001809,0.4548445284233735
68,Optuna_TPE,0.3797652049885003,0.7447326123545471,0.08619216023732498,0.8384234236617426,0.10448170603897482,8,0.7715480400593312,6.893240384035789,101,0.46522130356791164,145.4659,0.15252460000010615,0.4548445284233735
69,Optuna_TPE,0.4380194544922853,0.6039746062365325,0.4648756269194111,0.946648801140159,0.11536247117109388,8,0.8662189067298528,8.844001369146957,303,0.4623495597159919,136.4468,0.16285330000027898,0.4548445284233735
70,Optuna_TPE,0.5230016179471301,0.6614166655776985,0.312420033346246,0.9261071032982351,0.1332996565428464,8,0.8281050083365615,8.435427619557785,303,0.46183541553291707,128.0236,0.15510709999989558,0.4548445284233735
71,Optuna_TPE,0.5845387838413121,0.8190962555185682,0.286285371238005,0.9697505987958991,0.1480055353925399,8,0.8215713428095013,9.327185170440407,42,0.4620072588068295,163.1899,0.15426299999990079,0.4548445284233735
72,Optuna_TPE,0.40698796159069206,0.5352732438470919,0.358247195747815,0.6621346178388704,0.10943239687809556,8,0.8395617989369537,4.593403720613777,404,0.4701949719773844,130.6676,0.15781420000030266,0.4548445284233735
73,Optuna_TPE,0.65250943708798,0.6495101916224023,0.3728951226302904,0.6407006093556731,0.16614160689407023,8,0.8432237806575726,4.372205934183058,404,0.46234067627679504,135.6065,0.15543690000004062,0.4548445284233735
74,Optuna_TPE,0.48515511197517674,0.5218167085876038,0.838946499205935,0.8979290740412823,0.12499052470886932,8,0.9597366248014838,7.905495104009479,101,0.4672870584422347,147.352,0.14909039999974993,0.4548445284233735
75,Optuna_TPE,0.5063367106100352,0.9353651454129601,0.6613167954255385,0.947876739125259,0.1295749309277962,9,0.9153291988563846,8.869042563420367,404,0.46545177285486367,149.2097,0.21622999999999593,0.4548445284233735
76,Optuna_TPE,0.7941072431589526,0.7024254708040706,0.7325587248195486,0.6532134334573929,0.21137663070141918,8,0.9331396812048871,4.500009529417888,101,0.47162182597629226,139.9408,0.16264880000017,0.4548445284233735
77,Optuna_TPE,0.5262698939397586,0.8453906359338559,0.3984064672728618,0.674142082730358,0.13404260222604997,9,0.8496016168182154,4.7221750553001165,42,0.46435788344654044,155.3762,0.22151389999999083,0.4548445284233735
78,Optuna_TPE,0.43125866832568654,0.7779911187032466,0.46236328400313503,0.9464026630478802,0.11404370026400693,8,0.8655908210007838,8.8389904169833,303,0.4599761085768285,130.8155,0.1601605999999265,0.4548445284233735
79,Optuna_TPE,0.36376896847565676,0.7622053816794463,0.3238689777263563,0.6775481741019002,0.101677782230724,8,0.8309672444315891,4.759355812004315,303,0.46573727885073013,136.145,0.1551595000000816,0.4548445284233735
80,Optuna_TPE,0.35335729566302093,0.828673380883645,0.30498610522397657,0.8475016870301744,0.09989331217568767,8,0.8262465263059942,7.038849621937724,303,0.4648767924232869,164.3894,0.1560961000000134,0.4548445284233735
81,Optuna_TPE,0.23112665138730787,0.548300976107583,0.2383188004633318,0.9037604298789433,0.08114498270173026,8,0.8095797001158329,8.012359551964183,404,0.4732940835926525,143.8938,0.16586340000003474,0.4548445284233735
82,Optuna_TPE,0.6458764411833827,0.8620637716328459,0.7056905714940417,0.9456125908304956,0.16427804919510275,9,0.9264226428735104,8.82292506793626,42,0.46160815891851326,163.1139,0.20957989999988058,0.4548445284233735
83,Optuna_TPE,0.6875386180013406,0.8115070546722561,0.8031962263872597,0.9582902303764164,0.1763394899963845,8,0.950799056596815,9.084274113683554,404,0.46234752607233454,151.3461,0.13332059999993362,0.4548445284233735
84,Optuna_TPE,0.812106636321985,0.7112331944825387,0.7774351024307867,0.7962349319365734,0.21794685885860743,8,0.9443587756076967,6.255109719162982,404,0.46615670327709247,154.4135,0.15628109999988737,0.4548445284233735
85,Optuna_TPE,0.253442954744892,0.8908405214312335,0.4868018311559313,0.9803258394116269,0.08428370434995341,9,0.8717004577889829,9.557093600015634,42,0.46449371557847796,141.1276,0.23003319999997984,0.4548445284233735
86,Optuna_TPE,0.5547698461457288,0.7970385974207004,0.7423351240321098,0.8421832154779415,0.14069925341580877,8,0.9355837810080274,6.953175888180216,42,0.46124680198605683,140.256,0.1646917000002759,0.4548445284233735
87,Optuna_TPE,0.6730110144275712,0.8355136738819354,0.6094125344699871,0.9791811256001246,0.1720362884421971,9,0.9023531336174968,9.53193617309794,42,0.46296955741137247,165.915,0.21625730000005206,0.4548445284233735
88,Optuna_TPE,0.5360612036046087,0.8280887056286842,0.4670371205399265,0.8421620454876669,0.13629324325553696,8,0.8667592801349816,6.952836958987075,42,0.4613056840614872,149.642,0.13093260000005102,0.4548445284233735
89,Optuna_TPE,0.5620781863318632,0.6974725971321645,0.4431719888883434,0.9598564219386164,0.1424588536426099,8,0.8607929972220858,9.117093777649782,303,0.45669416990122175,149.7116,0.16286970000010115,0.4548445284233735
90,Optuna_TPE,0.47148455118157684,0.777766244154541,0.6233112992287709,0.6578014903210578,0.1221182447140678,8,0.9058278248071927,4.547801392604705,202,0.4613191131550801,150.5603,0.1393233999997392,0.4548445284233735
91,Optuna_TPE,0.548789546504772,0.8638049345093589,0.49038382315073714,0.8788868461206368,0.1392755810907795,9,0.8725959557876843,7.566357305940134,202,0.4599933215339475,158.4586,0.23760560000027908,0.4548445284233735
92,Optuna_TPE,0.419746256856539,0.7714675256903932,0.5496249110425706,0.844077153294639,0.11183266803578966,8,0.8874062277606427,6.983564574972968,42,0.4585583950178367,124.4766,0.15531160000000455,0.4548445284233735
93,Optuna_TPE,0.3644498032966946,0.7759749092847199,0.4003629441794913,0.9660182152726202,0.10179557567153967,8,0.8500907360448728,9.247369586413821,202,0.46211665648879446,151.0861,0.13307450000002063,0.4548445284233735
94,Optuna_TPE,0.5404802739231794,0.6915068976490398,0.46938055925533073,0.8943292514804456,0.1373213541864034,8,0.8673451398138327,7.840238091283838,202,0.46038823787354527,157.349,0.15635229999998046,0.4548445284233735
95,Optuna_TPE,0.40099732471608285,0.674137381411529,0.32095848340247285,0.8627297008390707,0.10832319549797566,8,0.8302396208506182,7.290036467694308,42,0.46015339852368287,149.3642,0.1661208999998962,0.4548445284233735
96,Optuna_TPE,0.31591022712950545,0.6761710878652518,0.4695744774690759,0.7994172554865984,0.09373018687374715,8,0.867393619367269,6.3011128179307185,202,0.46306190000407826,152.4699,0.16601020000007338,0.4548445284233735
97,Optuna_TPE,0.49741687871478657,0.9552633797575913,0.3973458345151677,0.8295938606810489,0.12762423426249966,9,0.8493364586287919,6.754510181848802,404,0.4662887820960895,156.5005,0.2010562000000391,0.4548445284233735
98,Optuna_TPE,0.4614675651313173,0.8015485620504712,0.569244374526374,0.9305218644512344,0.12005559425399649,8,0.8923110936315934,8.521614121606385,101,0.46575676099294805,146.9976,0.1679337000000487,0.4548445284233735
99,Optuna_TPE,0.3905968335964006,0.6312332179738628,0.630796575421057,0.9664509538114008,0.10642412050399769,8,0.9076991438552643,9.256588417667148,101,0.46329506088550676,137.8246,0.17182019999972908,0.4548445284233735
100,Optuna_TPE,0.6335101284234734,0.9114810913199753,0.5487462479982756,0.8139722923860965,0.16085933361862426,9,0.8871865619995689,6.515868220566686,42,0.4569107653508593,151.9787,0.20764260000032664,0.4548445284233735
101,Optuna_TPE,0.5173369252984145,0.9522308420209783,0.49808394088365543,0.6573467731883452,0.13202169718683154,9,0.8745209852209138,4.543042223265055,303,0.46177050311432344,134.4747,0.23340579999967304,0.4548445284233735
102,Optuna_TPE,0.28349832226925653,0.5666621489681499,0.5442917651128982,0.8906383289865123,0.08870361639165697,8,0.8860729412782246,7.773888888127149,42,0.4655361017489456,134.9773,0.15581199999996898,0.4548445284233735
103,Optuna_TPE,0.5715426545980913,0.7125125100712831,0.42300716146992084,0.9025402321804235,0.144770318179157,8,0.8557517903674802,7.989879549004006,303,0.46395036529566297,132.1662,0.15071350000016537,0.4548445284233735
104,Optuna_TPE,0.47136698139250327,0.6495054088142258,0.5846190412007384,0.7645218050024939,0.12209383095146344,8,0.8961547603001846,5.814626255776387,101,0.4588640143668522,154.8687,0.16550780000034138,0.4548445284233735
105,Optuna_TPE,0.38358265588536966,0.525498880668834,0.4147770583177707,0.7955379454930077,0.10516220274519084,8,0.8536942645794426,6.245079128559229,42,0.4629750733645051,146.5257,0.16860229999974763,0.4548445284233735
106,Optuna_TPE,0.530687475455076,0.6487469508066726,0.5617597902042255,0.960666114098638,0.1350533937932113,8,0.8904399475510564,9.134107406471902,404,0.4648675966558807,142.8908,0.1313609999997425,0.4548445284233735
107,Optuna_TPE,0.546717543969273,0.9583628803211806,0.6120185928699527,0.8044661877053891,0.13878568702701882,9,0.9030046482174882,6.3747944770340075,202,0.45861141259548,147.5439,0.2452432999998564,0.4548445284233735
108,Optuna_TPE,0.5626253801985672,0.9201571710378735,0.5283261597252494,0.8515646975313806,0.14259148145008216,9,0.8820815399313123,7.10501006570807,303,0.46099118497580277,164.529,0.23577700000032564,0.4548445284233735
109,Optuna_TPE,0.3903010695282586,0.8727646174803889,0.5996351218554681,0.8442004033493822,0.10637060518652643,9,0.899908780463867,6.98554674812445,202,0.4638114264009615,163.6629,0.231165300000157,0.4548445284233735
110,Optuna_TPE,0.4715275465623674,0.6322727119201381,0.6720938282543203,0.7172461774032672,0.12212717406868605,8,0.9180234570635801,5.214902311673165,202,0.4597282060460537,124.9996,0.1548993999999766,0.4548445284233735
111,Optuna_TPE,0.526904213551397,0.8777219192211129,0.5806544378959544,0.7426597186285229,0.13418727509455927,9,0.8951636094739885,5.52916714378386,42,0.46099297475144096,170.5493,0.20855329999994865,0.4548445284233735
112,Optuna_TPE,0.405892999811775,0.8233063368371822,0.38447885763095396,0.7831439960103569,0.10922881344828138,8,0.8461197144077385,6.069375343009251,202,0.46466839847197555,129.2836,0.14032600000018647,0.4548445284233735
113,Optuna_TPE,0.5740816681979286,0.6894579899605748,0.5264649080190765,0.6089519223774392,0.14539676519033864,8,0.8816162270047692,4.0639833723413,404,0.4638462471976999,143.9982,0.1720500000001266,0.4548445284233735
114,Optuna_TPE,0.6144233022226081,0.764839824989975,0.4817401527285573,0.9920431071662237,0.15572182574341845,8,0.8704350381821393,9.818453941134678,202,0.4632263809392136,134.831,0.16813689999980852,0.4548445284233735
115,Optuna_TPE,0.6159405602595343,0.9449572660981255,0.6960662939829242,0.8674091439746484,0.15612414534075758,9,0.9240165734957311,7.369009967742729,42,0.4630810596644355,161.3668,0.23009400000000824,0.4548445284233735
116,Optuna_TPE,0.743849845091955,0.715273183258983,0.5881213941373322,0.7035226628403942,0.19406125498352816,8,0.897030348534333,5.052690107648661,404,0.4645720085953299,127.5676,0.15969489999997677,0.4548445284233735
117,Optuna_TPE,0.5866288382208676,0.9107558622067415,0.6775851664306042,0.7547720224264638,0.1485325339531947,9,0.919396291607651,5.685543968219578,101,0.4625099149672002,151.4128,0.2165353000000323,0.4548445284233735
118,Optuna_TPE,0.43876750380854457,0.7868729239080217,0.5322998474985281,0.7939711072313285,0.1155093208125029,8,0.8830749618746321,6.222588861165363,202,0.4651009323906413,153.5191,0.16218339999977616,0.4548445284233735
119,Optuna_TPE,0.4274155729637356,0.9552150745217532,0.5225870396209965,0.749852339831568,0.11330079079303798,9,0.8806467599052491,5.621501615817191,42,0.46009626894604094,156.9837,0.2173582999998871,0.4548445284233735
120,Optuna_TPE,0.6755021108917693,0.8534054672723752,0.4847301063485709,0.8721815483389349,0.17276664122396848,9,0.8711825265871427,7.450433596644174,101,0.4657104381927362,161.6552,0.2185408999998799,0.4548445284233735
121,Optuna_TPE,0.2885485731540273,0.8871792773574655,0.480932522074605,0.8024755597318209,0.08946872381014317,9,0.8702331305186513,6.345641893708295,101,0.46793733965128914,155.2523,0.23517909999964104,0.4548445284233735
122,Optuna_TPE,0.7004496660110144,0.9047616269870311,0.5414006500980088,0.6986999437068724,0.18025410842585182,9,0.8853501625245022,4.996891778610205,303,0.4669514243648997,153.7593,0.19802630000003774,0.4548445284233735
123,Optuna_TPE,0.40811993689302883,0.8780176635309621,0.7170872278381081,0.8865229199065608,0.10964326104611521,9,0.929271806959527,7.700570830741575,404,0.4652662160034737,150.1653,0.2153270999997403,0.4548445284233735
124,Optuna_TPE,0.3349396012995758,0.7665507999297415,0.5005932427512328,0.912461962914868,0.09681303374094131,8,0.8751483106878082,8.174514394477717,202,0.46498345691827486,147.7818,0.15214689999993425,0.4548445284233735
125,Optuna_TPE,0.6037729231879979,0.9250602427887451,0.4286568685824851,0.7539142054270833,0.15292677721739603,9,0.8571642171456213,5.67432498440078,42,0.4576713899986407,168.0432,0.21629910000001473,0.4548445284233735
126,Optuna_TPE,0.4685954661801078,0.9574570299859108,0.7074908226340962,0.7842684369960554,0.12151972802066584,9,0.9268727056585241,6.085110051222301,303,0.462124993330485,164.8599,0.24614530000008017,0.4548445284233735
127,Optuna_TPE,0.6287305687107271,0.7997488560912083,0.3542549927052998,0.7663945363426405,0.15955715009602678,8,0.838563748176325,5.839753778494597,404,0.4654478870059424,146.6565,0.16447610000022905,0.4548445284233735
128,Optuna_TPE,0.588112016562645,0.7830956074966365,0.4764332945732222,0.7125611228397166,0.14890764912448734,8,0.8691083236433056,5.158947672710583,303,0.46249065274060647,137.2074,0.15273630000001504,0.4548445284233735
129,Optuna_TPE,0.5234831130438728,0.9969739159388408,0.34984484396329035,0.6780896949630417,0.1334088509911776,9,0.8374612109908226,4.765293943945402,404,0.4678335938698268,155.6788,0.19192990000010468,0.4548445284233735
130,Optuna_TPE,0.5412076290065206,0.9613690940348834,0.5507400753772591,0.9656197445241004,0.1374913174344279,9,0.8876850188443148,9.238888897566012,404,0.46953839044096246,142.0956,0.2067824999999175,0.4548445284233735
131,Optuna_TPE,0.548871417370031,0.890852798272923,0.3910821275182602,0.9326756506824823,0.13929497370836644,9,0.8477705318795651,8.563980124114392,202,0.4600431025543096,147.9248,0.24928619999991497,0.4548445284233735
132,Optuna_TPE,0.40110056104481023,0.9532062258540557,0.6365719308809219,0.6640788943174467,0.10834221477389858,9,0.9091429827202304,4.614013855289557,404,0.4663754720819907,170.908,0.23353829999996378,0.4548445284233735
133,Optuna_TPE,0.43948955210505397,0.8659970959467912,0.45963769215526556,0.889436519260028,0.11565124348606318,9,0.8649094230388163,7.752406183070151,303,0.4623737860886609,159.4514,0.2240844999996625,0.4548445284233735
134,Optuna_TPE,0.4690126651070089,0.9258201344707914,0.5052101983658235,0.7830522309745576,0.1216059753953692,9,0.8763025495914558,6.068093038878248,404,0.46704111511058016,136.9415,0.23733720000018366,0.4548445284233735
135,Optuna_TPE,0.5488353724557278,0.5672808336136399,0.4616676398032936,0.8340832463711606,0.13928643547594174,8,0.8654169099508234,6.824694986231501,202,0.4598993510731241,145.3364,0.16369650000024194,0.4548445284233735
136,Optuna_TPE,0.574911726389341,0.9809057971028556,0.35946073115379074,0.9743130836033991,0.14560215159131398,9,0.8398651827884477,9.425688510842805,202,0.4636868802782919,147.676,0.24010390000012194,0.4548445284233735
137,Optuna_TPE,0.5632730059567906,0.7036278545858983,0.42242074840122534,0.7940874039031589,0.1427486113061488,8,0.8556051871003063,6.224255387695865,303,0.4581707028671683,153.8062,0.15966329999992013,0.4548445284233735
138,Optuna_TPE,0.6150747959504954,0.9622654160669838,0.4559007639700344,0.780126020702452,0.15589445013954245,9,0.8639751909925086,6.027344582030454,101,0.4677636043323161,159.911,0.24068960000022344,0.4548445284233735
139,Optuna_TPE,0.5804498918704589,0.6177005545209268,0.45905499525294924,0.8025430015099451,0.1469799392873281,8,0.8647637488132374,6.346627387702251,101,0.46291760849016195,125.1465,0.16869260000021313,0.4548445284233735
140,Optuna_TPE,0.6780842139915243,0.9170625763943931,0.331885606784796,0.6817174405832273,0.17352694855555945,9,0.832971401696199,4.805266078950281,404,0.46685023732330017,145.7188,0.23433580000028087,0.4548445284233735
