run_id,phase,point_type,block,seed,x1,x2,x3,x4,eta,depth,subsample,reg_lambda,Y1_RMSE,Y2_Latency_us,fit_time_sec,timestamp
1,Phase1_Factorial,Factorial,1,42,-1.0,-1.0,-1.0,-1.0,0.010000000000000004,3,0.5,0.1,0.8130948437391113,143.9479,0.10216480000008232,1791225561.2803838
2,Phase1_Factorial,Factorial,1,42,1.0,-1.0,-1.0,-1.0,0.3,3,0.5,0.1,0.5070798736425606,110.8696,0.040145099999790546,1791225561.4395978
3,Phase1_Factorial,Factorial,1,42,-1.0,1.0,-1.0,-1.0,0.010000000000000004,9,0.5,0.1,0.6687605623233228,152.8661,0.21452189999990878,1791225561.8163965
4,Phase1_Factorial,Factorial,1,42,1.0,1.0,-1.0,-1.0,0.3,9,0.5,0.1,0.5327686564191211,137.6944,0.1580804000000171,1791225562.1231859
5,Phase1_Factorial,Factorial,1,42,-1.0,-1.0,1.0,-1.0,0.010000000000000004,3,1.0,0.1,0.8147882254553079,125.8443,0.028636299999561743,1791225562.2853036
6,Phase1_Factorial,Factorial,1,42,1.0,-1.0,1.0,-1.0,0.3,3,1.0,0.1,0.4980519216579854,106.8886,0.03422249999994165,1791225562.4346995
7,Phase1_Factorial,Factorial,1,42,-1.0,1.0,1.0,-1.0,0.010000000000000004,9,1.0,0.1,0.672727435445925,166.2198,0.26251289999981964,1791225562.8776422
8,Phase1_Factorial,Factorial,1,42,1.0,1.0,1.0,-1.0,0.3,9,1.0,0.1,0.5020252952798508,157.7263,0.22461130000010598,1791225563.2710125
9,Phase1_Factorial,Factorial,1,42,-1.0,-1.0,-1.0,1.0,0.010000000000000004,3,0.5,10.0,0.8167494584146396,108.4668,0.051851600000190956,1791225563.441578
10,Phase1_Factorial,Factorial,1,42,1.0,-1.0,-1.0,1.0,0.3,3,0.5,10.0,0.5068950687355308,135.7589,0.04837090000000899,1791225563.635063
11,Phase1_Factorial,Factorial,1,42,-1.0,1.0,-1.0,1.0,0.010000000000000004,9,0.5,10.0,0.699249485769892,146.7004,0.20077209999999468,1791225563.9949627
12,Phase1_Factorial,Factorial,1,42,1.0,1.0,-1.0,1.0,0.3,9,0.5,10.0,0.4907822987514072,168.5198,0.23974249999992026,1791225564.4176426
13,Phase1_Factorial,Factorial,1,42,-1.0,-1.0,1.0,1.0,0.010000000000000004,3,1.0,10.0,0.8171600915121363,124.232,0.03599020000001474,1791225564.588763
14,Phase1_Factorial,Factorial,1,42,1.0,-1.0,1.0,1.0,0.3,3,1.0,10.0,0.4916652577665972,127.9994,0.035062399999787885,1791225564.760713
15,Phase1_Factorial,Factorial,1,42,-1.0,1.0,1.0,1.0,0.010000000000000004,9,1.0,10.0,0.6900204838463906,166.9864,0.24702170000000478,1791225565.1883225
16,Phase1_Factorial,Factorial,1,42,1.0,1.0,1.0,1.0,0.3,9,1.0,10.0,0.4668204612878083,150.4858,0.19378410000035728,1791225565.5451996
17,Phase1_Factorial,Center,1,42,0.0,0.0,0.0,0.0,0.05477225575051663,6,0.75,1.0000000000000002,0.4970865428094827,120.1985,0.08172689999992144,1791225565.7552025
18,Phase1_Factorial,Center,1,42,0.0,0.0,0.0,0.0,0.05477225575051663,6,0.75,1.0000000000000002,0.4970865428094827,116.2578,0.08954959999982748,1791225565.9704351
19,Phase1_Factorial,Center,1,42,0.0,0.0,0.0,0.0,0.05477225575051663,6,0.75,1.0000000000000002,0.4970865428094827,140.669,0.07298069999978907,1791225566.192801
20,Phase1_Factorial,Center,1,42,0.0,0.0,0.0,0.0,0.05477225575051663,6,0.75,1.0000000000000002,0.4970865428094827,140.9981,0.0821419999997488,1791225566.4279156
21,Phase1_Factorial,Factorial,2,101,-1.0,-1.0,-1.0,-1.0,0.010000000000000004,3,0.5,0.1,0.8145682376055369,124.2196,0.04392020000022967,1791225566.6053593
22,Phase1_Factorial,Factorial,2,101,1.0,-1.0,-1.0,-1.0,0.3,3,0.5,0.1,0.5210108326761943,149.6141,0.050519599999915954,1791225566.8145082
23,Phase1_Factorial,Factorial,2,101,-1.0,1.0,-1.0,-1.0,0.010000000000000004,9,0.5,0.1,0.6678472230903475,150.4969,0.26834939999980634,1791225567.2453349
24,Phase1_Factorial,Factorial,2,101,1.0,1.0,-1.0,-1.0,0.3,9,0.5,0.1,0.5374200315587286,150.4263,0.18347040000026027,1791225567.5924861
25,Phase1_Factorial,Factorial,2,101,-1.0,-1.0,1.0,-1.0,0.010000000000000004,3,1.0,0.1,0.8169292884923162,134.1886,0.035093699999833916,1791225567.7717836
26,Phase1_Factorial,Factorial,2,101,1.0,-1.0,1.0,-1.0,0.3,3,1.0,0.1,0.5072619721767192,114.0402,0.03502620000017487,1791225567.9302604
27,Phase1_Factorial,Factorial,2,101,-1.0,1.0,1.0,-1.0,0.010000000000000004,9,1.0,0.1,0.669612880629893,153.1585,0.2643229000000247,1791225568.357917
28,Phase1_Factorial,Factorial,2,101,1.0,1.0,1.0,-1.0,0.3,9,1.0,0.1,0.4961622422268272,144.6972,0.19202349999977741,1791225568.7069023
29,Phase1_Factorial,Factorial,2,101,-1.0,-1.0,-1.0,1.0,0.010000000000000004,3,0.5,10.0,0.8184855440774564,123.4596,0.05144650000011097,1791225568.8907042
30,Phase1_Factorial,Factorial,2,101,1.0,-1.0,-1.0,1.0,0.3,3,0.5,10.0,0.5074511408191961,105.7013,0.04749549999996816,1791225569.0515223
31,Phase1_Factorial,Factorial,2,101,-1.0,1.0,-1.0,1.0,0.010000000000000004,9,0.5,10.0,0.6996269470988433,131.1923,0.22006710000005114,1791225569.4143941
32,Phase1_Factorial,Factorial,2,101,1.0,1.0,-1.0,1.0,0.3,9,0.5,10.0,0.4929520237615718,141.8172,0.22384999999985666,1791225569.7924545
33,Phase1_Factorial,Factorial,2,101,-1.0,-1.0,1.0,1.0,0.010000000000000004,3,1.0,10.0,0.818778276579377,129.2362,0.03564440000036484,1791225569.9642382
34,Phase1_Factorial,Factorial,2,101,1.0,-1.0,1.0,1.0,0.3,3,1.0,10.0,0.49478243913001707,111.1081,0.0352071999996042,1791225570.1203222
35,Phase1_Factorial,Factorial,2,101,-1.0,1.0,1.0,1.0,0.010000000000000004,9,1.0,10.0,0.6917899133485323,170.7477,0.2674770999997236,1791225570.571378
36,Phase1_Factorial,Factorial,2,101,1.0,1.0,1.0,1.0,0.3,9,1.0,10.0,0.46852183057860175,153.2199,0.20036250000021028,1791225570.9381797
37,Phase1_Factorial,Center,2,101,0.0,0.0,0.0,0.0,0.05477225575051663,6,0.75,1.0000000000000002,0.5021254942206175,131.0092,0.07838779999974577,1791225571.156459
38,Phase1_Factorial,Center,2,101,0.0,0.0,0.0,0.0,0.05477225575051663,6,0.75,1.0000000000000002,0.5021254942206175,124.6649,0.08774500000026819,1791225571.3797302
39,Phase1_Factorial,Center,2,101,0.0,0.0,0.0,0.0,0.05477225575051663,6,0.75,1.0000000000000002,0.5021254942206175,138.9333,0.08748710000008941,1791225571.6176074
40,Phase1_Factorial,Center,2,101,0.0,0.0,0.0,0.0,0.05477225575051663,6,0.75,1.0000000000000002,0.5021254942206175,132.2145,0.0873105000000578,1791225571.8482397
41,Phase1_Factorial,Factorial,3,202,-1.0,-1.0,-1.0,-1.0,0.010000000000000004,3,0.5,0.1,0.8125766746291689,116.1873,0.04699579999987691,1791225572.018366
42,Phase1_Factorial,Factorial,3,202,1.0,-1.0,-1.0,-1.0,0.3,3,0.5,0.1,0.5144502009445551,126.2331,0.0489359000002878,1791225572.2029595
43,Phase1_Factorial,Factorial,3,202,-1.0,1.0,-1.0,-1.0,0.010000000000000004,9,0.5,0.1,0.6671368151900019,151.1504,0.25187729999970543,1791225572.6214104
44,Phase1_Factorial,Factorial,3,202,1.0,1.0,-1.0,-1.0,0.3,9,0.5,0.1,0.5360253253534972,169.3282,0.19538239999974394,1791225572.9988897
45,Phase1_Factorial,Factorial,3,202,-1.0,-1.0,1.0,-1.0,0.010000000000000004,3,1.0,0.1,0.814797199421682,136.8879,0.03715719999991052,1791225573.1816907
46,Phase1_Factorial,Factorial,3,202,1.0,-1.0,1.0,-1.0,0.3,3,1.0,0.1,0.5053673217853516,106.8307,0.03464570000005551,1791225573.3339374
47,Phase1_Factorial,Factorial,3,202,-1.0,1.0,1.0,-1.0,0.010000000000000004,9,1.0,0.1,0.66608069834952,149.8593,0.2794677000001684,1791225573.776209
48,Phase1_Factorial,Factorial,3,202,1.0,1.0,1.0,-1.0,0.3,9,1.0,0.1,0.49427570924419123,161.7265,0.21396510000022317,1791225574.1630657
49,Phase1_Factorial,Factorial,3,202,-1.0,-1.0,-1.0,1.0,0.010000000000000004,3,0.5,10.0,0.8168942522327816,129.9051,0.04662370000005467,1791225574.3468914
50,Phase1_Factorial,Factorial,3,202,1.0,-1.0,-1.0,1.0,0.3,3,0.5,10.0,0.5067965241609174,123.7386,0.04915339999979551,1791225574.530294
51,Phase1_Factorial,Factorial,3,202,-1.0,1.0,-1.0,1.0,0.010000000000000004,9,0.5,10.0,0.6978158899814361,133.5418,0.2319985999997698,1791225574.9078848
52,Phase1_Factorial,Factorial,3,202,1.0,1.0,-1.0,1.0,0.3,9,0.5,10.0,0.48155513237010517,141.329,0.2199033000001691,1791225575.277859
53,Phase1_Factorial,Factorial,3,202,-1.0,-1.0,1.0,1.0,0.010000000000000004,3,1.0,10.0,0.8163698620459994,117.2387,0.03509389999999257,1791225575.4403508
54,Phase1_Factorial,Factorial,3,202,1.0,-1.0,1.0,1.0,0.3,3,1.0,10.0,0.49841974056095684,107.1906,0.03417029999991428,1791225575.5891566
55,Phase1_Factorial,Factorial,3,202,-1.0,1.0,1.0,1.0,0.010000000000000004,9,1.0,10.0,0.6912859467747163,174.4685,0.2536537999999382,1791225576.0308554
56,Phase1_Factorial,Factorial,3,202,1.0,1.0,1.0,1.0,0.3,9,1.0,10.0,0.46899261600789954,147.9768,0.20159689999991315,1791225576.3913188
57,Phase1_Factorial,Center,3,202,0.0,0.0,0.0,0.0,0.05477225575051663,6,0.75,1.0000000000000002,0.49840709230486974,130.8392,0.0833676999995987,1791225576.6150124
58,Phase1_Factorial,Center,3,202,0.0,0.0,0.0,0.0,0.05477225575051663,6,0.75,1.0000000000000002,0.49840709230486974,132.2552,0.08645939999996699,1791225576.8424196
59,Phase1_Factorial,Center,3,202,0.0,0.0,0.0,0.0,0.05477225575051663,6,0.75,1.0000000000000002,0.49840709230486974,145.7414,0.09078110000018569,1791225577.0912726
60,Phase1_Factorial,Center,3,202,0.0,0.0,0.0,0.0,0.05477225575051663,6,0.75,1.0000000000000002,0.49840709230486974,132.292,0.08946060000016587,1791225577.321077
61,Phase1_Factorial,Factorial,4,303,-1.0,-1.0,-1.0,-1.0,0.010000000000000004,3,0.5,0.1,0.81410935471394,126.0974,0.046915099999750964,1791225577.5035374
62,Phase1_Factorial,Factorial,4,303,1.0,-1.0,-1.0,-1.0,0.3,3,0.5,0.1,0.5170833799235282,128.4753,0.045626199999787787,1791225577.6855109
63,Phase1_Factorial,Factorial,4,303,-1.0,1.0,-1.0,-1.0,0.010000000000000004,9,0.5,0.1,0.6679464575601766,161.5342,0.2142306999999164,1791225578.0719578
64,Phase1_Factorial,Factorial,4,303,1.0,1.0,-1.0,-1.0,0.3,9,0.5,0.1,0.5301673885486025,164.7234,0.20242340000004333,1791225578.4536011
65,Phase1_Factorial,Factorial,4,303,-1.0,-1.0,1.0,-1.0,0.010000000000000004,3,1.0,0.1,0.8151328616851666,128.337,0.03179000000000087,1791225578.6207128
66,Phase1_Factorial,Factorial,4,303,1.0,-1.0,1.0,-1.0,0.3,3,1.0,0.1,0.49603631880343285,131.6255,0.03477949999978591,1791225578.7983804
67,Phase1_Factorial,Factorial,4,303,-1.0,1.0,1.0,-1.0,0.010000000000000004,9,1.0,0.1,0.6710230109010455,168.537,0.28533280000010564,1791225579.262505
68,Phase1_Factorial,Factorial,4,303,1.0,1.0,1.0,-1.0,0.3,9,1.0,0.1,0.49989542598497405,159.6642,0.20898829999987356,1791225579.6450257
69,Phase1_Factorial,Factorial,4,303,-1.0,-1.0,-1.0,1.0,0.010000000000000004,3,0.5,10.0,0.8177615295711655,130.4943,0.05014339999979711,1791225579.8334074
70,Phase1_Factorial,Factorial,4,303,1.0,-1.0,-1.0,1.0,0.3,3,0.5,10.0,0.5021372341328108,128.1536,0.049158900000293215,1791225580.0205238
71,Phase1_Factorial,Factorial,4,303,-1.0,1.0,-1.0,1.0,0.010000000000000004,9,0.5,10.0,0.7007967940732023,155.0601,0.24600229999987278,1791225580.4357827
72,Phase1_Factorial,Factorial,4,303,1.0,1.0,-1.0,1.0,0.3,9,0.5,10.0,0.4827813687577584,134.5175,0.19214069999998173,1791225580.775874
73,Phase1_Factorial,Factorial,4,303,-1.0,-1.0,1.0,1.0,0.010000000000000004,3,1.0,10.0,0.8170976890988616,119.276,0.036083399999824906,1791225580.9407318
74,Phase1_Factorial,Factorial,4,303,1.0,-1.0,1.0,1.0,0.3,3,1.0,10.0,0.4987311913241034,135.5722,0.033931099999790604,1791225581.1181655
75,Phase1_Factorial,Factorial,4,303,-1.0,1.0,1.0,1.0,0.010000000000000004,9,1.0,10.0,0.6923873631272025,158.085,0.2671651999999085,1791225581.556764
76,Phase1_Factorial,Factorial,4,303,1.0,1.0,1.0,1.0,0.3,9,1.0,10.0,0.46446059697658104,156.3463,0.20490050000034898,1791225581.929365
77,Phase1_Factorial,Center,4,303,0.0,0.0,0.0,0.0,0.05477225575051663,6,0.75,1.0000000000000002,0.4989954905449671,133.242,0.09130069999991974,1791225582.1624084
78,Phase1_Factorial,Center,4,303,0.0,0.0,0.0,0.0,0.05477225575051663,6,0.75,1.0000000000000002,0.4989954905449671,142.3188,0.09001029999990351,1791225582.4065676
79,Phase1_Factorial,Center,4,303,0.0,0.0,0.0,0.0,0.05477225575051663,6,0.75,1.0000000000000002,0.4989954905449671,124.0281,0.0891074999999546,1791225582.631526
80,Phase1_Factorial,Center,4,303,0.0,0.0,0.0,0.0,0.05477225575051663,6,0.75,1.0000000000000002,0.4989954905449671,142.7955,0.08916260000023613,1791225582.8742821
81,Phase1_Factorial,Factorial,5,404,-1.0,-1.0,-1.0,-1.0,0.010000000000000004,3,0.5,0.1,0.8130339507951186,128.7454,0.05219010000018898,1791225583.065589
82,Phase1_Factorial,Factorial,5,404,1.0,-1.0,-1.0,-1.0,0.3,3,0.5,0.1,0.5127572597344492,123.8423,0.04865539999991597,1791225583.2467036
83,Phase1_Factorial,Factorial,5,404,-1.0,1.0,-1.0,-1.0,0.010000000000000004,9,0.5,0.1,0.6680432816904182,156.951,0.2329447000001892,1791225583.650447
84,Phase1_Factorial,Factorial,5,404,1.0,1.0,-1.0,-1.0,0.3,9,0.5,0.1,0.554139412287109,149.9619,0.19195480000007592,1791225584.0033035
85,Phase1_Factorial,Factorial,5,404,-1.0,-1.0,1.0,-1.0,0.010000000000000004,3,1.0,0.1,0.8158741235009362,121.1559,0.035835500000303,1791225584.1708179
86,Phase1_Factorial,Factorial,5,404,1.0,-1.0,1.0,-1.0,0.3,3,1.0,0.1,0.5014221871680474,120.2694,0.0345380000003388,1791225584.3358254
87,Phase1_Factorial,Factorial,5,404,-1.0,1.0,1.0,-1.0,0.010000000000000004,9,1.0,0.1,0.6707685359076991,166.1094,0.29516940000030445,1791225584.8110325
88,Phase1_Factorial,Factorial,5,404,1.0,1.0,1.0,-1.0,0.3,9,1.0,0.1,0.5023328564057646,153.3849,0.19942029999992883,1791225585.1739736
89,Phase1_Factorial,Factorial,5,404,-1.0,-1.0,-1.0,1.0,0.010000000000000004,3,0.5,10.0,0.8166291610410452,111.6794,0.04639489999999569,1791225585.341734
90,Phase1_Factorial,Factorial,5,404,1.0,-1.0,-1.0,1.0,0.3,3,0.5,10.0,0.5077212957371182,117.5024,0.04973459999973784,1791225585.5179777
91,Phase1_Factorial,Factorial,5,404,-1.0,1.0,-1.0,1.0,0.010000000000000004,9,0.5,10.0,0.7004511092238924,155.6316,0.23514730000033524,1791225585.922391
92,Phase1_Factorial,Factorial,5,404,1.0,1.0,-1.0,1.0,0.3,9,0.5,10.0,0.48827573272676855,152.2236,0.21114630000010948,1791225586.2969432
93,Phase1_Factorial,Factorial,5,404,-1.0,-1.0,1.0,1.0,0.010000000000000004,3,1.0,10.0,0.8176434159727138,137.0825,0.03660500000023603,1791225586.4797683
94,Phase1_Factorial,Factorial,5,404,1.0,-1.0,1.0,1.0,0.3,3,1.0,10.0,0.4975823092514562,136.348,0.03444840000020122,1791225586.6605568
95,Phase1_Factorial,Factorial,5,404,-1.0,1.0,1.0,1.0,0.010000000000000004,9,1.0,10.0,0.6927617361888649,154.5218,0.27252469999984896,1791225587.0963173
96,Phase1_Factorial,Factorial,5,404,1.0,1.0,1.0,1.0,0.3,9,1.0,10.0,0.4730049224276745,157.4582,0.22472930000003544,1791225587.4918969
97,Phase1_Factorial,Center,5,404,0.0,0.0,0.0,0.0,0.05477225575051663,6,0.75,1.0000000000000002,0.5021420045498528,124.0073,0.07040740000002188,1791225587.697785
98,Phase1_Factorial,Center,5,404,0.0,0.0,0.0,0.0,0.05477225575051663,6,0.75,1.0000000000000002,0.5021420045498528,144.1745,0.08241469999984474,1791225587.935662
99,Phase1_Factorial,Center,5,404,0.0,0.0,0.0,0.0,0.05477225575051663,6,0.75,1.0000000000000002,0.5021420045498528,124.5,0.07929420000027676,1791225588.1490097
100,Phase1_Factorial,Center,5,404,0.0,0.0,0.0,0.0,0.05477225575051663,6,0.75,1.0000000000000002,0.5021420045498528,146.9246,0.09058030000005601,1791225588.398614
101,Phase2_Axial,Axial,1,42,-1.0,0.0,0.0,0.0,0.010000000000000004,6,0.75,1.0000000000000002,0.7190075358355804,122.1713,0.09445689999984097,1791225588.9027097
102,Phase2_Axial,Axial,1,42,1.0,0.0,0.0,0.0,0.3,6,0.75,1.0000000000000002,0.4710528069756573,137.5112,0.08637580000004164,1791225589.138344
103,Phase2_Axial,Axial,1,42,0.0,-1.0,0.0,0.0,0.05477225575051663,3,0.75,1.0000000000000002,0.5738703484264268,136.6372,0.04797950000011042,1791225589.3335154
104,Phase2_Axial,Axial,1,42,0.0,1.0,0.0,0.0,0.05477225575051663,9,0.75,1.0000000000000002,0.4715051121162279,148.6078,0.2420606000000589,1791225589.7341642
105,Phase2_Axial,Axial,1,42,0.0,0.0,-1.0,0.0,0.05477225575051663,6,0.5,1.0000000000000002,0.4984879138801191,137.0096,0.09223779999956605,1791225589.9754763
106,Phase2_Axial,Axial,1,42,0.0,0.0,1.0,0.0,0.05477225575051663,6,1.0,1.0000000000000002,0.4942798787215871,140.8224,0.07803899999998976,1791225590.204559
107,Phase2_Axial,Axial,1,42,0.0,0.0,0.0,-1.0,0.05477225575051663,6,0.75,0.1,0.5004067077166061,131.5687,0.08964920000016718,1791225590.436117
108,Phase2_Axial,Axial,1,42,0.0,0.0,0.0,1.0,0.05477225575051663,6,0.75,10.0,0.5003820049673668,123.0099,0.08114130000012665,1791225590.64987
109,Phase2_Axial,Axial,2,101,-1.0,0.0,0.0,0.0,0.010000000000000004,6,0.75,1.0000000000000002,0.719975478800136,141.8366,0.08046170000034181,1791225590.8823671
110,Phase2_Axial,Axial,2,101,1.0,0.0,0.0,0.0,0.3,6,0.75,1.0000000000000002,0.48146503138218344,123.5041,0.08345150000013746,1791225591.0981574
111,Phase2_Axial,Axial,2,101,0.0,-1.0,0.0,0.0,0.05477225575051663,3,0.75,1.0000000000000002,0.5767448243102742,117.1556,0.04695270000001983,1791225591.27322
112,Phase2_Axial,Axial,2,101,0.0,1.0,0.0,0.0,0.05477225575051663,9,0.75,1.0000000000000002,0.4761783430922292,158.6274,0.22568030000002182,1791225591.6699984
113,Phase2_Axial,Axial,2,101,0.0,0.0,-1.0,0.0,0.05477225575051663,6,0.5,1.0000000000000002,0.5021979989604385,111.9245,0.08535210000036386,1791225591.87582
114,Phase2_Axial,Axial,2,101,0.0,0.0,1.0,0.0,0.05477225575051663,6,1.0,1.0000000000000002,0.5021423583398881,126.5607,0.07364330000018526,1791225592.086821
115,Phase2_Axial,Axial,2,101,0.0,0.0,0.0,-1.0,0.05477225575051663,6,0.75,0.1,0.5007144673655946,134.6931,0.08367450000014287,1791225592.3150976
116,Phase2_Axial,Axial,2,101,0.0,0.0,0.0,1.0,0.05477225575051663,6,0.75,10.0,0.5077931949477957,135.3423,0.0734733999997843,1791225592.5353985
117,Phase2_Axial,Axial,3,202,-1.0,0.0,0.0,0.0,0.010000000000000004,6,0.75,1.0000000000000002,0.7168375026860127,133.1163,0.0963000000001557,1791225592.7767758
118,Phase2_Axial,Axial,3,202,1.0,0.0,0.0,0.0,0.3,6,0.75,1.0000000000000002,0.48116097369672817,137.472,0.08691650000037043,1791225593.010062
119,Phase2_Axial,Axial,3,202,0.0,-1.0,0.0,0.0,0.05477225575051663,3,0.75,1.0000000000000002,0.5743026438717915,118.1518,0.047447899999951915,1791225593.1861012
120,Phase2_Axial,Axial,3,202,0.0,1.0,0.0,0.0,0.05477225575051663,9,0.75,1.0000000000000002,0.47468937442725806,162.538,0.256672499999695,1791225593.6187103
121,Phase2_Axial,Axial,3,202,0.0,0.0,-1.0,0.0,0.05477225575051663,6,0.5,1.0000000000000002,0.49972222399699484,123.6855,0.09295459999975719,1791225593.846309
122,Phase2_Axial,Axial,3,202,0.0,0.0,1.0,0.0,0.05477225575051663,6,1.0,1.0000000000000002,0.5021770141424228,121.6318,0.07921829999986585,1791225594.0584013
123,Phase2_Axial,Axial,3,202,0.0,0.0,0.0,-1.0,0.05477225575051663,6,0.75,0.1,0.49884050578112904,118.751,0.09037209999996776,1791225594.2783413
124,Phase2_Axial,Axial,3,202,0.0,0.0,0.0,1.0,0.05477225575051663,6,0.75,10.0,0.5047417422410114,136.4457,0.0751561999995829,1791225594.5001757
125,Phase2_Axial,Axial,4,303,-1.0,0.0,0.0,0.0,0.010000000000000004,6,0.75,1.0000000000000002,0.7210691125548686,140.1932,0.08560910000005606,1791225594.7361
126,Phase2_Axial,Axial,4,303,1.0,0.0,0.0,0.0,0.3,6,0.75,1.0000000000000002,0.4756297657787131,118.5152,0.08886019999999917,1791225594.9559186
127,Phase2_Axial,Axial,4,303,0.0,-1.0,0.0,0.0,0.05477225575051663,3,0.75,1.0000000000000002,0.5737385051293465,134.0633,0.04417299999977331,1791225595.144046
128,Phase2_Axial,Axial,4,303,0.0,1.0,0.0,0.0,0.05477225575051663,9,0.75,1.0000000000000002,0.4736279152982305,154.5798,0.2314234000000397,1791225595.5402853
129,Phase2_Axial,Axial,4,303,0.0,0.0,-1.0,0.0,0.05477225575051663,6,0.5,1.0000000000000002,0.5003741377837846,140.2924,0.09145470000021305,1791225595.7838614
130,Phase2_Axial,Axial,4,303,0.0,0.0,1.0,0.0,0.05477225575051663,6,1.0,1.0000000000000002,0.500627030714216,119.7395,0.07811209999999846,1791225595.9922683
131,Phase2_Axial,Axial,4,303,0.0,0.0,0.0,-1.0,0.05477225575051663,6,0.75,0.1,0.5006587576831066,119.1797,0.07402899999988222,1791225596.1955292
132,Phase2_Axial,Axial,4,303,0.0,0.0,0.0,1.0,0.05477225575051663,6,0.75,10.0,0.5020963352279616,143.8685,0.09050069999966581,1791225596.441587
133,Phase2_Axial,Axial,5,404,-1.0,0.0,0.0,0.0,0.010000000000000004,6,0.75,1.0000000000000002,0.7202147937380199,129.3378,0.09473160000015923,1791225596.6764183
134,Phase2_Axial,Axial,5,404,1.0,0.0,0.0,0.0,0.3,6,0.75,1.0000000000000002,0.4805223318634111,121.6211,0.07667480000009164,1791225596.885009
135,Phase2_Axial,Axial,5,404,0.0,-1.0,0.0,0.0,0.05477225575051663,3,0.75,1.0000000000000002,0.5737704288947101,117.8201,0.04464240000015707,1791225597.0555794
136,Phase2_Axial,Axial,5,404,0.0,1.0,0.0,0.0,0.05477225575051663,9,0.75,1.0000000000000002,0.47622070714136705,169.2504,0.2012872000000243,1791225597.4382093
137,Phase2_Axial,Axial,5,404,0.0,0.0,-1.0,0.0,0.05477225575051663,6,0.5,1.0000000000000002,0.5007723303514586,146.6175,0.08049489999984871,1791225597.6767826
138,Phase2_Axial,Axial,5,404,0.0,0.0,1.0,0.0,0.05477225575051663,6,1.0,1.0000000000000002,0.5014052081942152,120.4532,0.07863029999998616,1791225597.8864095
139,Phase2_Axial,Axial,5,404,0.0,0.0,0.0,-1.0,0.05477225575051663,6,0.75,0.1,0.4981353142520278,135.2653,0.08098500000005515,1791225598.1109903
140,Phase2_Axial,Axial,5,404,0.0,0.0,0.0,1.0,0.05477225575051663,6,0.75,10.0,0.5045670207463496,121.9192,0.08802530000002662,1791225598.3300767
