,sum_sq,df,F,PR(>F)
Intercept,555450.036450572,1.0,1903.0777739083653,7.154524065699303e-76
C(block),876.9400415107117,4.0,0.7511409634221098,0.5591241958187552
x1,1265.4562556249289,1.0,4.335694510567216,0.03942852017306929
x2,236841.3271225006,1.0,811.4635628976152,1.7182775697959252e-55
x3,179.043228224997,1.0,0.6134362514064136,0.43502723796197074
x4,483.25901166945164,1.0,1.6557375529687206,0.20063613867917268
x1_sq,1576.9803475721185,1.0,5.403035471079402,0.021768908673164396
x2_sq,11634.524336413737,1.0,39.862099597855114,4.683020975283355e-09
x3_sq,8.351116439414541,1.0,0.02861251785080194,0.865959262738507
x4_sq,116.70882614969457,1.0,0.3998666999532797,0.5283511938115834
x1_x2,662.8984010281038,1.0,2.271216366133482,0.13440280916188163
x1_x3,14.000919453123812,1.0,0.04796982064451128,0.827003374135541
x1_x4,829.2369566531255,1.0,2.8411239858662043,0.09445713419484247
x2_x3,813.6829204031276,1.0,2.7878328908271457,0.09756774157758395
x2_x4,47.57147237812426,1.0,0.16298893836324416,0.6871320402959835
x3_x4,52.52931812812234,1.0,0.1799754635844501,0.6721476277417585
Residual,35316.18903440328,121.0,,
