optimizer_seed,rs_val_rmse,rs_depth,rs_eta,rs_subsample,rs_lambda,tpe_so_val_rmse,tpe_so_depth,tpe_so_eta,tpe_so_subsample,tpe_so_lambda,tpe_co_val_rmse,tpe_co_depth,tpe_co_eta,tpe_co_subsample,tpe_co_lambda,tpe_mo_desirability,tpe_mo_depth,tpe_mo_eta,tpe_mo_subsample,tpe_mo_lambda
10001,0.4659147839373805,9,0.10322113961147153,0.9088301557451302,6.55305086642493,0.46637816587785197,8,0.10639310706086985,0.9417420119185433,0.5684673953963095,0.47392411022512526,6,0.14161705662114923,0.6874511439930479,4.031578241577594,0.7747710584444506,3,0.22967255931272612,0.9736587869940331,2.67819351756994
10002,0.46859564020303524,7,0.15963748936200567,0.8993777045012429,2.44052485285588,0.46822855223703835,8,0.14049037550997345,0.9143201313423435,0.8607884005145194,0.47404098671276584,5,0.23635641001537486,0.9815338476297404,0.8021806368160006,0.7755249944020257,3,0.1978660062783098,0.790528949216983,2.8362689055715786
10003,0.470653986864871,7,0.17856235618885805,0.9263275446461376,3.3475244309839427,0.4643909907906978,9,0.16715011184263584,0.7249299960551331,5.531186522914799,0.47447469338526066,5,0.23466235787714287,0.9742618349596994,1.0874837777735724,0.7927714969326191,4,0.11715419118095109,0.9888710932682075,1.484656486727284
10004,0.46872296077043285,9,0.09911127477468473,0.7900480276844326,2.0845872730292676,0.46227933989839237,9,0.1791808191656879,0.9272551758953136,9.9315762094569,0.4696752087986319,6,0.22076219071480607,0.8480322543195437,3.5717356662637987,0.8029504955324543,3,0.2460205960778281,0.7317379287765297,1.1101868930725658
10005,0.4690301160798698,8,0.09378177996999017,0.7126579810798656,9.212056636699312,0.4634518210123668,9,0.12496481602017873,0.9823762599154504,8.995083421062544,0.5041223048353174,4,0.11141683077828139,0.5426097348397239,5.553198292743942,0.6739205403960724,5,0.2188040612259448,0.9495551459259427,4.97191447432765
10006,0.46654226687913386,8,0.19614797724836616,0.9261789217598966,4.402056515993054,0.4639245136617825,9,0.18217151259814196,0.7256155677111404,4.885831125513872,0.4921480015790824,4,0.2321534412602927,0.6775177852231491,0.10893794685361448,0.7599108836110061,4,0.19856292956040078,0.9393872259457237,1.3103117494181578
10007,0.466059025711818,9,0.17533491413615032,0.7210038547576243,9.487951163229193,0.46339040692055267,9,0.1125386714280972,0.7119592194045071,5.651769350150646,0.48846648072004195,4,0.25084281931650254,0.6328318962880036,0.24591691079948472,0.7324856865182668,3,0.2341282327336937,0.7003481249279538,0.5554617718584508
10008,0.4672396605363292,8,0.14794822257881193,0.9924160855960439,1.0816246414478743,0.46180269673196894,9,0.12001735303815159,0.9204605501519518,5.968539410601297,0.4794262648512314,5,0.16920829065243154,0.9310611767221002,0.14478952110488652,0.7175533005322919,4,0.23432885015139335,0.6621339489860124,4.3707514686362625
10009,0.46815341994624793,9,0.13788858177833768,0.7507803997387692,5.367725298000704,0.46509008703236066,9,0.11404797937094685,0.761680441213148,8.075803272873667,0.4871112674990988,4,0.26256016896892137,0.8722439103029104,0.12664956615380935,0.7631180959261744,4,0.259809718230965,0.9895972000469752,0.7643706896319397
10010,0.46767253201326003,7,0.15816331692481553,0.6626264327342861,7.6633904442743495,0.4633716264013117,9,0.13482421643866332,0.7092701857719257,7.312672953587501,0.4822632256123345,5,0.150676785266879,0.6381589208969507,5.250404499343642,0.7235258056734021,4,0.1737843779281834,0.9274181110256966,5.744399025217199
10011,0.4701628719121428,8,0.0822789573635524,0.7480367179311522,0.33762764845409,0.4654300982842724,9,0.1262154315303745,0.7393325888288909,5.848796719604792,0.4779627383567284,5,0.19543795407125714,0.7900286750876045,5.417608749853606,0.7727624649981556,4,0.2995143940554506,0.935320402488498,9.89705981903755
10012,0.4689690441516572,8,0.224103757037586,0.9338734272434872,4.858999079420879,0.46318842620376277,9,0.19084136047074704,0.958654071376559,9.656470717468881,0.4783304980089894,5,0.2395936333993578,0.8371346036549913,6.138756433142743,0.7385264292323361,5,0.2915699189374994,0.7879767785744027,9.629806135073549
10013,0.4671340616671396,8,0.11059891453033657,0.7112312689532901,3.887424010042037,0.4619574426485245,9,0.14222068052063275,0.888573644142066,8.112569188529326,0.47628065634991135,6,0.25336376099412533,0.7875499824857677,0.556537610576852,0.7415348158797256,4,0.1277978155209797,0.5921783529857991,7.220202741234082
10014,0.46774636173302103,8,0.16315093208960102,0.5847252497649726,7.279524401236736,0.4615063961755001,9,0.1489446452920312,0.9733780875769221,6.1936791459554,0.4848676246981734,5,0.27418799713841596,0.6422433360593903,2.9738863202148598,0.7440499543754956,4,0.12072182669602217,0.7185864380409092,1.1957505116517428
10015,0.4714742180801424,8,0.09496811619138137,0.8841684953453115,6.430079233894937,0.46426518550061996,8,0.18629274452840683,0.9919150888141306,9.223468499367256,0.5501609419725944,4,0.04521292377830799,0.8081255048053676,3.509232096573905,0.8096078616346373,4,0.17038439661984855,0.939978582161679,1.246822408378878
10016,0.46971142642133,8,0.11306338322899523,0.5684758624035803,9.72419277634982,0.4639463419615063,9,0.12499103105836365,0.751832187312581,8.919248600393123,0.5219795882296574,5,0.04600454127670756,0.6247458262565053,2.154181809007157,0.7407854564509248,5,0.10663637494754534,0.8327555854001741,0.8614594570420119
10017,0.46907685204220884,9,0.1361539679320793,0.9285388076907771,3.9255172885719096,0.4601045942631196,8,0.15273266968834845,0.8886932416101542,9.14302145477087,0.4722512420339979,5,0.2857228847356465,0.7813950837800288,8.996062166805526,0.7901734372263903,4,0.22907395837954403,0.9286630705891565,1.3347732131844814
10018,0.4676167827021375,8,0.1773836750049181,0.8606501889386122,4.976288669002849,0.46768220432512586,7,0.17403363221879262,0.8520251269919611,3.6417686194580727,0.4685853129822531,6,0.2607880494359017,0.9542624041990725,6.770845904979065,0.7837861648714037,4,0.19875083285824574,0.9201144676326815,0.6057423419777603
10019,0.471305790109138,9,0.1091688165187373,0.9514641303842617,0.8797814933762065,0.46431142549982285,8,0.19687515880824327,0.9163240491809567,8.445704967831322,0.4796893898933188,4,0.27494560807464297,0.9745900976504313,3.2702546911253094,0.80082062636997,3,0.16473385067020985,0.684682799160061,5.057279678352097
10020,0.4733371207867627,7,0.1085045782797806,0.6233315524765951,1.6169844773852713,0.46285692855672006,9,0.16722826392654644,0.9614880632488827,4.279464764327852,0.4758754492636072,6,0.11509445847405023,0.615722093139375,0.9562224327686377,0.8234245696847233,3,0.22216551532604734,0.8414584589931671,8.52653316088245
