seed,val_rmse,test_rmse,latency_us_median,latency_us_iqr,inplace_latency_us_median,fit_time_s
505,0.47068121141808744,0.4695478431948708,158.5405,2.9899999999999807,127.6925,0.20659820000037143
606,0.4704025123298187,0.4697303817796719,171.5635,21.2295,138.877,0.2183705999996164
707,0.4675122787140425,0.47479545098947656,175.8815,5.013000000000005,134.677,0.19821140000021842
808,0.47339224166460203,0.4679257130432423,189.359,15.232499999999987,144.6025,0.21692059999986668
909,0.4485875968228534,0.4704498766332856,167.3255,8.629999999999995,138.4665,0.19825739999942016
1010,0.46965854467438845,0.46160350853444676,161.536,17.292,131.265,0.20165579999957117
1111,0.4751029830370792,0.4675042451110255,167.095,4.311000000000007,130.2315,0.21219309999833058
1212,0.48383982442607854,0.47185153789607914,167.996,4.477000000000004,129.0145,0.2078267999986565
1313,0.47703335479381537,0.4702775235425178,162.084,1.6639999999999873,131.063,0.24847629999931087
1414,0.4637908443871525,0.4675515534278469,189.856,11.369,136.8935,0.24620609999874432
