R,x1,x2,x3,x4,y_hat,se
0.0,0.0,0.0,0.0,0.0,0.4994380663568601,0.0014356410861166638
0.1,0.09612448840619026,0.027078117246845012,0.004946722934506343,0.001547609639680314,0.48765007592278714,0.0014352540846061927
0.2,0.19119324080407113,0.056762949645400365,0.013661326255941934,0.0060430043752366285,0.4780292711987495,0.0014363317517343936
0.30000000000000004,0.2839256161123606,0.09085433605105268,0.02953258964752699,0.01611250338523707,0.47054318942974255,0.0014449304741540846
0.4,0.3710979102349227,0.1302233734223834,0.06190332972696612,0.03868423943151059,0.46510894945243586,0.0014677690440583948
0.5,0.442719883239465,0.17494139076808027,0.12672470687323803,0.08564882193730339,0.46148779507373433,0.001500862759156806
0.6000000000000001,0.4869399573822459,0.2138468103661826,0.22756348404922427,0.15929181529180114,0.4591273259857471,0.0015225149089808333
0.7000000000000001,0.5108136045571562,0.24044049257301545,0.337535724312122,0.23943160860677373,0.4574043290396447,0.0015337910753453088
0.8,0.5256125133788725,0.25899677603324683,0.44337575044238814,0.3163389889699605,0.45598349205164346,0.0015583099793286712
0.9,0.5363157924956974,0.27332125449387445,0.5440732064474542,0.3894166135423076,0.4547281824733456,0.0016176364201257152
1.0,0.5449423792786745,0.2849792174309128,0.64083306634041,0.4595189866867722,0.4535777391628872,0.0017279826891746014
1.1,0.5522560625235446,0.29511995441623995,0.7346335431499729,0.5274762538676618,0.4525012424420715,0.001898792343838934
1.2000000000000002,0.5586843424367371,0.30416609302499986,0.8262988134272182,0.5937888859558562,0.45148108538591947,0.0021333491554044962
1.3,0.5644842605311723,0.3123817931540972,0.9164703450807115,0.6586786478461009,0.45050637007749766,0.0024304293418427204
1.4000000000000001,0.5700571276605196,0.3204663500544696,1.0049623230200757,0.7227638491973652,0.4495701211777291,0.002784164275114704
1.5,0.5756489028049158,0.3275047239983801,1.092363080745734,0.7862010781940654,0.448667439737951,0.0031912906934155275
1.6,0.5807397829456654,0.3343469640678664,1.1790653000448972,0.8489750840966697,0.4477947886584511,0.003648334764592048
1.7000000000000002,0.5856436265243218,0.34091236497361843,1.2651343916072184,0.9111726095069183,0.4469496158522115,0.004151810725509835
1.8,0.590431436677443,0.3472165347511529,1.350624045812958,0.9729575041114027,0.4461300387492651,0.004698978587250338
1.9000000000000001,0.5918514618435359,0.35761472300448144,1.4928098415716196,0.9504433403733136,0.44531213833791256,0.005576125253647904
2.0,0.5958934863902445,0.36428207121372613,1.5859196678172662,0.998533345748414,0.4445344005413376,0.006272566764976703
