run_id,phase,point_id,block,split_seed,model_seed,seed,replicate,run_order,x1,x2,x3,x4,eta,depth,subsample,reg_lambda,val_rmse,test_rmse,latency_us_median,latency_us_iqr,inplace_latency_us_median,inplace_latency_us_iqr,fit_time_s
1,Phase1_Factorial,1,1,42,42,42,1,86,-1.0,-1.0,-1.0,-1.0,0.010000000000000004,3,0.5,0.09999999999999998,0.821183249179179,0.8145577319503504,152.829,2.8100000000000023,106.944,11.980000000000004,0.11383389999900828
2,Phase1_Factorial,2,1,42,42,42,1,77,1.0,-1.0,-1.0,-1.0,0.30000000000000004,3,0.5,0.09999999999999998,0.5154984053613169,0.5102301221272685,163.492,21.966000000000008,130.971,20.90249999999999,0.11128350000035425
3,Phase1_Factorial,3,1,42,42,42,1,118,-1.0,1.0,-1.0,-1.0,0.010000000000000004,9,0.5,0.09999999999999998,0.6735638331968103,0.6687359244377754,241.376,6.894499999999994,205.968,11.664000000000016,0.6384622999994463
4,Phase1_Factorial,4,1,42,42,42,1,136,1.0,1.0,-1.0,-1.0,0.30000000000000004,9,0.5,0.09999999999999998,0.5521329589535184,0.5478513229870337,236.8005,33.75600000000003,194.0645,1.2924999999999898,0.49246470000070985
5,Phase1_Factorial,5,1,42,42,42,1,98,-1.0,-1.0,1.0,-1.0,0.010000000000000004,3,1.0,0.09999999999999998,0.8233036861416937,0.8157815879900499,143.0525,17.136499999999984,100.855,2.8384999999999962,0.06730419999985315
6,Phase1_Factorial,6,1,42,42,42,1,60,1.0,-1.0,1.0,-1.0,0.30000000000000004,3,1.0,0.09999999999999998,0.5037413039012446,0.4928286853230338,133.0095,10.502999999999986,96.595,12.417500000000004,0.06198940000103903
7,Phase1_Factorial,7,1,42,42,42,1,20,-1.0,1.0,1.0,-1.0,0.010000000000000004,9,1.0,0.09999999999999998,0.6736798250806519,0.6680350108808909,266.9855,8.948000000000036,238.7705,12.197999999999979,0.7017854000005173
8,Phase1_Factorial,8,1,42,42,42,1,57,1.0,1.0,1.0,-1.0,0.30000000000000004,9,1.0,0.09999999999999998,0.5074440509079606,0.5019554119513296,240.429,6.194999999999993,199.194,11.819000000000017,0.5417997000004107
9,Phase1_Factorial,9,1,42,42,42,1,66,-1.0,-1.0,-1.0,1.0,0.010000000000000004,3,0.5,10.000000000000002,0.8259048711425971,0.8187460775244129,146.5965,27.456999999999994,102.5725,5.307999999999993,0.12488949999897159
10,Phase1_Factorial,10,1,42,42,42,1,108,1.0,-1.0,-1.0,1.0,0.30000000000000004,3,0.5,10.000000000000002,0.5050118801337702,0.5029384482061807,148.867,12.322499999999991,104.779,9.254000000000005,0.1130501000006916
11,Phase1_Factorial,11,1,42,42,42,1,16,-1.0,1.0,-1.0,1.0,0.010000000000000004,9,0.5,10.000000000000002,0.7115753321777315,0.7022110576436625,199.195,9.0,165.39,12.020499999999998,0.5076448999989225
12,Phase1_Factorial,12,1,42,42,42,1,64,1.0,1.0,-1.0,1.0,0.30000000000000004,9,0.5,10.000000000000002,0.49588310428855076,0.490798121238921,260.036,42.031499999999994,207.9145,15.611499999999978,0.5807480999992549
13,Phase1_Factorial,13,1,42,42,42,1,14,-1.0,-1.0,1.0,1.0,0.010000000000000004,3,1.0,10.000000000000002,0.8258414948788914,0.8181274314067046,128.1235,1.6955000000000098,94.255,4.718499999999992,0.06799900000078196
14,Phase1_Factorial,14,1,42,42,42,1,62,1.0,-1.0,1.0,1.0,0.30000000000000004,3,1.0,10.000000000000002,0.49784194338936044,0.4935832415689784,140.701,15.482,101.4755,10.97999999999999,0.06771269999990182
15,Phase1_Factorial,15,1,42,42,42,1,120,-1.0,1.0,1.0,1.0,0.010000000000000004,9,1.0,10.000000000000002,0.7006445072922427,0.6925734606324463,232.7825,4.574999999999989,195.202,6.354500000000002,0.5931073000010656
16,Phase1_Factorial,16,1,42,42,42,1,93,1.0,1.0,1.0,1.0,0.30000000000000004,9,1.0,10.000000000000002,0.47671992997171864,0.47496709771746093,219.1715,5.543000000000006,179.829,2.787000000000006,0.4730825000006007
17,Phase1_Center,17,1,42,42,42,1,71,0.0,0.0,0.0,0.0,0.05477225575051663,6,0.75,1.0000000000000002,0.49367750880402383,0.4983764388621189,177.98,10.124499999999983,132.06,13.908500000000004,0.2304407000010542
18,Phase1_Center,17,1,42,1042,1042,2,39,0.0,0.0,0.0,0.0,0.05477225575051663,6,0.75,1.0000000000000002,0.4960542958132953,0.4996125514109807,183.8775,41.013000000000005,128.588,43.51349999999999,0.209515200000169
19,Phase1_Center,17,1,42,2042,2042,3,19,0.0,0.0,0.0,0.0,0.05477225575051663,6,0.75,1.0000000000000002,0.49675695241873585,0.4952785360234927,142.0505,4.218500000000006,114.6655,3.274499999999989,0.1714338999991014
20,Phase1_Center,17,1,42,3042,3042,4,12,0.0,0.0,0.0,0.0,0.05477225575051663,6,0.75,1.0000000000000002,0.49413783478048795,0.5001433801506073,148.138,4.206999999999994,112.4695,0.5240000000000009,0.18300249999992957
21,Phase2_Axial,18,1,42,42,42,1,70,-1.0,0.0,0.0,0.0,0.010000000000000004,6,0.75,1.0000000000000002,0.7262104539993592,0.7213286461845237,185.013,14.309500000000014,144.1195,8.919000000000011,0.2329807999994955
22,Phase2_Axial,19,1,42,42,42,1,52,1.0,0.0,0.0,0.0,0.30000000000000004,6,0.75,1.0000000000000002,0.4945504930473016,0.47954813562097,161.254,2.542999999999978,119.4305,2.5845000000000056,0.2051062999998976
23,Phase2_Axial,20,1,42,42,42,1,73,0.0,-1.0,0.0,0.0,0.05477225575051663,3,0.75,1.0000000000000002,0.5677030838860783,0.5735948812908339,150.422,5.474500000000006,105.9105,4.588000000000008,0.101162299999487
24,Phase2_Axial,21,1,42,42,42,1,24,0.0,1.0,0.0,0.0,0.05477225575051663,9,0.75,1.0000000000000002,0.4737228929693858,0.47536120389086434,242.576,9.293000000000006,201.8735,11.038499999999999,0.5835270999996283
25,Phase2_Axial,22,1,42,42,42,1,85,0.0,0.0,-1.0,0.0,0.05477225575051663,6,0.5,1.0000000000000002,0.4962783179155009,0.49828978269539626,195.4145,23.269000000000005,136.952,31.548999999999978,0.21548919999986538
26,Phase2_Axial,23,1,42,42,42,1,107,0.0,0.0,1.0,0.0,0.05477225575051663,6,1.0,1.0000000000000002,0.49695443520162685,0.5022004870994479,151.924,5.9565000000000055,115.139,11.921999999999997,0.1756625999987591
27,Phase2_Axial,24,1,42,42,42,1,74,0.0,0.0,0.0,-1.0,0.05477225575051663,6,0.75,0.09999999999999998,0.4969547244918495,0.49950359077434153,227.5385,10.671500000000009,138.2085,19.462000000000018,0.1966829000011785
28,Phase2_Axial,25,1,42,42,42,1,56,0.0,0.0,0.0,1.0,0.05477225575051663,6,0.75,10.000000000000002,0.5014817494360034,0.5057888491843471,171.3355,16.732,121.9865,9.253499999999988,0.2059822000010172
29,Phase1_Factorial,1,2,101,101,101,1,113,-1.0,-1.0,-1.0,-1.0,0.010000000000000004,3,0.5,0.09999999999999998,0.8370427634907426,0.813579576195704,141.142,4.007000000000005,103.676,7.540999999999997,0.11230629999954544
30,Phase1_Factorial,2,2,101,101,101,1,54,1.0,-1.0,-1.0,-1.0,0.30000000000000004,3,0.5,0.09999999999999998,0.5137641091769405,0.5081671194657705,139.183,0.3534999999999968,103.2685,12.36,0.10761350000029779
31,Phase1_Factorial,3,2,101,101,101,1,92,-1.0,1.0,-1.0,-1.0,0.010000000000000004,9,0.5,0.09999999999999998,0.6907494502615177,0.6697178042641726,235.146,12.896999999999991,214.5285,17.234499999999997,0.6109051000003092
32,Phase1_Factorial,4,2,101,101,101,1,23,1.0,1.0,-1.0,-1.0,0.30000000000000004,9,0.5,0.09999999999999998,0.5666790795428789,0.5475861029539708,239.21,19.7765,199.1895,17.643,0.5797631999994337
33,Phase1_Factorial,5,2,101,101,101,1,132,-1.0,-1.0,1.0,-1.0,0.010000000000000004,3,1.0,0.09999999999999998,0.8403691959298246,0.8164372996632738,135.3305,0.5204999999999984,97.229,4.1499999999999915,0.06778950000079931
34,Phase1_Factorial,6,2,101,101,101,1,88,1.0,-1.0,1.0,-1.0,0.30000000000000004,3,1.0,0.09999999999999998,0.5106094615053145,0.5074309282271378,150.704,2.0284999999999798,116.7995,15.03200000000001,0.06712030000016966
35,Phase1_Factorial,7,2,101,101,101,1,21,-1.0,1.0,1.0,-1.0,0.010000000000000004,9,1.0,0.09999999999999998,0.6930434128314077,0.6733865112477261,264.687,10.151999999999987,234.363,13.753500000000003,0.6944467000012082
36,Phase1_Factorial,8,2,101,101,101,1,102,1.0,1.0,1.0,-1.0,0.30000000000000004,9,1.0,0.09999999999999998,0.5156895573094311,0.49653983030765836,234.806,30.24249999999998,205.0435,3.9964999999999975,0.5396752999986347
37,Phase1_Factorial,9,2,101,101,101,1,50,-1.0,-1.0,-1.0,1.0,0.010000000000000004,3,0.5,10.000000000000002,0.8411113997546434,0.8176752685876962,156.185,33.266999999999996,140.747,10.953499999999991,0.11234669999976177
38,Phase1_Factorial,10,2,101,101,101,1,90,1.0,-1.0,-1.0,1.0,0.30000000000000004,3,0.5,10.000000000000002,0.5165473210925413,0.5028878323341675,134.181,3.341000000000008,98.4655,2.986000000000004,0.10093330000017886
39,Phase1_Factorial,11,2,101,101,101,1,130,-1.0,1.0,-1.0,1.0,0.010000000000000004,9,0.5,10.000000000000002,0.7267015857405755,0.7039536030944659,242.768,13.490499999999997,197.8685,5.671500000000009,0.5669791000000259
40,Phase1_Factorial,12,2,101,101,101,1,58,1.0,1.0,-1.0,1.0,0.30000000000000004,9,0.5,10.000000000000002,0.5142938433736136,0.4956577195260015,222.0195,22.474500000000006,177.5675,15.724999999999994,0.5405971000000136
41,Phase1_Factorial,13,2,101,101,101,1,126,-1.0,-1.0,1.0,1.0,0.010000000000000004,3,1.0,10.000000000000002,0.8427736545239283,0.8188752159183714,143.377,3.02800000000002,102.768,3.930000000000007,0.07199779999973543
42,Phase1_Factorial,14,2,101,101,101,1,119,1.0,-1.0,1.0,1.0,0.30000000000000004,3,1.0,10.000000000000002,0.5151001582131991,0.5001259682953904,133.092,8.299499999999995,96.5905,0.7864999999999895,0.06067649999931746
43,Phase1_Factorial,15,2,101,101,101,1,121,-1.0,1.0,1.0,1.0,0.010000000000000004,9,1.0,10.000000000000002,0.7180510479220364,0.6945727864416268,250.8375,11.355999999999995,209.4515,12.6755,0.617297900000267
44,Phase1_Factorial,16,2,101,101,101,1,84,1.0,1.0,1.0,1.0,0.30000000000000004,9,1.0,10.000000000000002,0.49663154904704826,0.47676735043174,250.4375,11.900000000000006,204.349,0.5999999999999943,0.5531458999994356
45,Phase1_Center,17,2,101,101,101,1,94,0.0,0.0,0.0,0.0,0.05477225575051663,6,0.75,1.0000000000000002,0.5108687778090635,0.5007151898971175,155.8415,2.4555000000000007,129.171,109.0795,0.18890899999860267
46,Phase1_Center,17,2,101,1101,1101,2,127,0.0,0.0,0.0,0.0,0.05477225575051663,6,0.75,1.0000000000000002,0.5103467016789001,0.5032999400568584,210.7135,8.161500000000018,137.317,19.7975,0.20403189999888127
47,Phase1_Center,17,2,101,2101,2101,3,128,0.0,0.0,0.0,0.0,0.05477225575051663,6,0.75,1.0000000000000002,0.5142387826858703,0.4992443871539481,157.0865,9.25,116.719,2.136499999999998,0.1918658000013238
48,Phase1_Center,17,2,101,3101,3101,4,134,0.0,0.0,0.0,0.0,0.05477225575051663,6,0.75,1.0000000000000002,0.5123842806091007,0.4994898823303146,178.8325,44.25999999999999,138.0675,39.80799999999999,0.19309719999910158
49,Phase2_Axial,18,2,101,101,101,1,11,-1.0,0.0,0.0,0.0,0.010000000000000004,6,0.75,1.0000000000000002,0.7431429577974764,0.7227352252365127,149.614,6.14700000000002,112.258,4.609499999999997,0.19555020000007062
50,Phase2_Axial,19,2,101,101,101,1,59,1.0,0.0,0.0,0.0,0.30000000000000004,6,0.75,1.0000000000000002,0.4918519310235235,0.4804431080741174,150.723,4.356999999999999,129.079,12.639999999999986,0.18543250000038825
51,Phase2_Axial,20,2,101,101,101,1,47,0.0,-1.0,0.0,0.0,0.05477225575051663,3,0.75,1.0000000000000002,0.5888125349796342,0.5767433947933571,162.649,21.210499999999996,105.358,16.8425,0.10491609999917273
52,Phase2_Axial,21,2,101,101,101,1,67,0.0,1.0,0.0,0.0,0.05477225575051663,9,0.75,1.0000000000000002,0.4951236001027117,0.47639240714038816,251.4,8.47399999999999,207.384,14.366000000000014,0.6067148999991332
53,Phase2_Axial,22,2,101,101,101,1,63,0.0,0.0,-1.0,0.0,0.05477225575051663,6,0.5,1.0000000000000002,0.5117394574218326,0.5010789356935715,213.2415,56.05849999999998,160.4385,1.0235000000000127,0.1968058000002202
54,Phase2_Axial,23,2,101,101,101,1,17,0.0,0.0,1.0,0.0,0.05477225575051663,6,1.0,1.0000000000000002,0.5163129645756833,0.5060781971149197,141.922,7.498000000000019,108.392,2.6199999999999903,0.14544019999993907
55,Phase2_Axial,24,2,101,101,101,1,105,0.0,0.0,0.0,-1.0,0.05477225575051663,6,0.75,0.09999999999999998,0.5094322058803337,0.49986171290444487,173.1165,15.051999999999992,119.7545,33.012000000000015,0.19677530000080878
56,Phase2_Axial,25,2,101,101,101,1,53,0.0,0.0,0.0,1.0,0.05477225575051663,6,0.75,10.000000000000002,0.5157120551904176,0.5056282187464269,193.508,26.631,132.6225,19.611499999999992,0.2664899000010337
57,Phase1_Factorial,1,3,202,202,202,1,103,-1.0,-1.0,-1.0,-1.0,0.010000000000000004,3,0.5,0.09999999999999998,0.8188394387500623,0.8130436222543502,133.0995,9.09650000000002,93.1365,1.465999999999994,0.11486299999887706
58,Phase1_Factorial,2,3,202,202,202,1,43,1.0,-1.0,-1.0,-1.0,0.30000000000000004,3,0.5,0.09999999999999998,0.516195366590419,0.5133891135483222,143.169,22.029499999999985,96.5445,2.0534999999999997,0.11745909999990545
59,Phase1_Factorial,3,3,202,202,202,1,135,-1.0,1.0,-1.0,-1.0,0.010000000000000004,9,0.5,0.09999999999999998,0.6783909364917747,0.6712442702121889,243.846,22.492999999999995,205.427,17.264999999999986,0.6632069000006595
60,Phase1_Factorial,4,3,202,202,202,1,1,1.0,1.0,-1.0,-1.0,0.30000000000000004,9,0.5,0.09999999999999998,0.5433637931880478,0.5332407085397702,213.599,6.664000000000016,179.359,5.991500000000002,0.5978243000008661
61,Phase1_Factorial,5,3,202,202,202,1,18,-1.0,-1.0,1.0,-1.0,0.010000000000000004,3,1.0,0.09999999999999998,0.8205512108195433,0.8144644876197351,123.3515,5.723500000000001,86.4305,1.6025000000000063,0.062462700001560734
62,Phase1_Factorial,6,3,202,202,202,1,117,1.0,-1.0,1.0,-1.0,0.30000000000000004,3,1.0,0.09999999999999998,0.5021300633934274,0.5045350153421745,138.091,6.982500000000016,99.3055,0.603500000000011,0.06082310000056168
63,Phase1_Factorial,7,3,202,202,202,1,91,-1.0,1.0,1.0,-1.0,0.010000000000000004,9,1.0,0.09999999999999998,0.6763851789469615,0.6709632112030967,272.591,4.56899999999996,227.926,4.785499999999985,0.6861050000006799
64,Phase1_Factorial,8,3,202,202,202,1,29,1.0,1.0,1.0,-1.0,0.30000000000000004,9,1.0,0.09999999999999998,0.5030771641856199,0.5038143269513555,221.372,4.742000000000019,192.2935,10.453000000000003,0.4885524000001169
65,Phase1_Factorial,9,3,202,202,202,1,129,-1.0,-1.0,-1.0,1.0,0.010000000000000004,3,0.5,10.000000000000002,0.823387124920976,0.8171668960076417,129.2665,3.459000000000003,96.4475,10.786999999999992,0.10615519999919343
66,Phase1_Factorial,10,3,202,202,202,1,96,1.0,-1.0,-1.0,1.0,0.30000000000000004,3,0.5,10.000000000000002,0.511960324069947,0.5107066544773193,138.019,9.826000000000022,99.243,12.822500000000005,0.09949039999992237
67,Phase1_Factorial,11,3,202,202,202,1,68,-1.0,1.0,-1.0,1.0,0.010000000000000004,9,0.5,10.000000000000002,0.7150729869171197,0.7052503244051848,242.932,23.496999999999986,214.6095,18.787499999999994,0.6128325999998196
68,Phase1_Factorial,12,3,202,202,202,1,79,1.0,1.0,-1.0,1.0,0.30000000000000004,9,0.5,10.000000000000002,0.4927317999565546,0.4923208449504347,240.3175,22.343500000000006,183.3125,35.87550000000002,0.5547741999998834
69,Phase1_Factorial,13,3,202,202,202,1,80,-1.0,-1.0,1.0,1.0,0.010000000000000004,3,1.0,10.000000000000002,0.823146280337879,0.8166304314761093,187.384,56.52249999999998,132.8325,31.041499999999985,0.06794869999976072
70,Phase1_Factorial,14,3,202,202,202,1,101,1.0,-1.0,1.0,1.0,0.30000000000000004,3,1.0,10.000000000000002,0.5057025488517861,0.5047107199188253,132.006,20.44749999999999,94.421,3.042999999999992,0.06051689999912924
71,Phase1_Factorial,15,3,202,202,202,1,81,-1.0,1.0,1.0,1.0,0.010000000000000004,9,1.0,10.000000000000002,0.7059612497360824,0.6962036488744546,235.279,33.5215,195.1565,3.0030000000000143,0.6366723999999522
72,Phase1_Factorial,16,3,202,202,202,1,140,1.0,1.0,1.0,1.0,0.30000000000000004,9,1.0,10.000000000000002,0.4823743764279914,0.47565114352117516,217.116,12.385999999999996,176.4125,48.936499999999995,0.48102619999917806
73,Phase1_Center,17,3,202,202,202,1,139,0.0,0.0,0.0,0.0,0.05477225575051663,6,0.75,1.0000000000000002,0.5026164834281953,0.5004099264935231,159.2005,44.73400000000001,117.0675,3.1995000000000005,0.19285740000123042
74,Phase1_Center,17,3,202,1202,1202,2,116,0.0,0.0,0.0,0.0,0.05477225575051663,6,0.75,1.0000000000000002,0.5012067150092595,0.5024772706278069,156.0355,5.333499999999987,118.607,5.632500000000007,0.18734519999998156
75,Phase1_Center,17,3,202,2202,2202,3,55,0.0,0.0,0.0,0.0,0.05477225575051663,6,0.75,1.0000000000000002,0.5013988472054388,0.49874933380817404,155.833,36.45399999999998,115.747,6.209500000000006,0.21493629999895347
76,Phase1_Center,17,3,202,3202,3202,4,34,0.0,0.0,0.0,0.0,0.05477225575051663,6,0.75,1.0000000000000002,0.505310653773937,0.5026567549906419,185.6535,22.249499999999983,120.817,18.25200000000001,0.2166056000005483
77,Phase2_Axial,18,3,202,202,202,1,35,-1.0,0.0,0.0,0.0,0.010000000000000004,6,0.75,1.0000000000000002,0.7247195771119849,0.717646692488504,165.1955,18.768,120.256,49.11399999999999,0.21497329999874637
78,Phase2_Axial,19,3,202,202,202,1,13,1.0,0.0,0.0,0.0,0.30000000000000004,6,0.75,1.0000000000000002,0.4874345856365449,0.47970095113398636,145.853,51.35049999999998,110.9505,3.8255000000000052,0.17247039999892877
79,Phase2_Axial,20,3,202,202,202,1,109,0.0,-1.0,0.0,0.0,0.05477225575051663,3,0.75,1.0000000000000002,0.5744157161124545,0.5739059109063849,156.855,28.475499999999982,110.5185,19.20450000000001,0.10296770000059041
80,Phase2_Axial,21,3,202,202,202,1,8,0.0,1.0,0.0,0.0,0.05477225575051663,9,0.75,1.0000000000000002,0.48190869420838633,0.47574566886120434,232.2525,11.290500000000009,190.9175,21.823499999999996,0.5513432000007015
81,Phase2_Axial,22,3,202,202,202,1,61,0.0,0.0,-1.0,0.0,0.05477225575051663,6,0.5,1.0000000000000002,0.5036248476038528,0.5018871816760633,161.1855,6.788999999999987,129.527,11.173500000000004,0.1923212000001513
82,Phase2_Axial,23,3,202,202,202,1,87,0.0,0.0,1.0,0.0,0.05477225575051663,6,1.0,1.0000000000000002,0.5069591330497732,0.5029787401444178,161.1085,8.558999999999997,127.653,6.854500000000002,0.18344449999858625
83,Phase2_Axial,24,3,202,202,202,1,137,0.0,0.0,0.0,-1.0,0.05477225575051663,6,0.75,0.09999999999999998,0.503423083357016,0.4997871013812532,172.442,12.805999999999983,144.1025,16.96799999999999,0.2007571000012831
84,Phase2_Axial,25,3,202,202,202,1,115,0.0,0.0,0.0,1.0,0.05477225575051663,6,0.75,10.000000000000002,0.5077716025247265,0.5043931951672996,164.745,38.073499999999996,119.531,22.262500000000003,0.2031788999993296
85,Phase1_Factorial,1,4,303,303,303,1,4,-1.0,-1.0,-1.0,-1.0,0.010000000000000004,3,0.5,0.09999999999999998,0.8135096955478348,0.8121754325140165,146.4925,13.743499999999983,102.58,4.970500000000001,0.1116024999992078
86,Phase1_Factorial,2,4,303,303,303,1,82,1.0,-1.0,-1.0,-1.0,0.30000000000000004,3,0.5,0.09999999999999998,0.5126545998632863,0.515410527475831,142.6865,35.913499999999985,121.6225,23.674499999999995,0.10117019999961485
87,Phase1_Factorial,3,4,303,303,303,1,89,-1.0,1.0,-1.0,-1.0,0.010000000000000004,9,0.5,0.09999999999999998,0.6648123361154229,0.6684901353679705,251.587,16.464500000000015,207.064,10.748500000000007,0.6654918999993242
88,Phase1_Factorial,4,4,303,303,303,1,27,1.0,1.0,-1.0,-1.0,0.30000000000000004,9,0.5,0.09999999999999998,0.5458694564991612,0.5438827561661843,205.4305,4.4375,172.0175,1.720499999999987,0.47697599999992235
89,Phase1_Factorial,5,4,303,303,303,1,100,-1.0,-1.0,1.0,-1.0,0.010000000000000004,3,1.0,0.09999999999999998,0.8168156026871911,0.8147326472741453,130.4945,4.6995000000000005,97.2055,0.992999999999995,0.06660639999972773
90,Phase1_Factorial,6,4,303,303,303,1,138,1.0,-1.0,1.0,-1.0,0.30000000000000004,3,1.0,0.09999999999999998,0.4984619180325561,0.5031500643668146,142.901,10.693000000000012,107.254,12.836500000000001,0.0736507999990863
91,Phase1_Factorial,7,4,303,303,303,1,7,-1.0,1.0,1.0,-1.0,0.010000000000000004,9,1.0,0.09999999999999998,0.669977819716922,0.6742752347304726,250.8325,3.2849999999999966,213.284,11.674499999999995,0.662059300000692
92,Phase1_Factorial,8,4,303,303,303,1,33,1.0,1.0,1.0,-1.0,0.30000000000000004,9,1.0,0.09999999999999998,0.5076418023256207,0.5045313751966324,251.7185,46.01950000000002,198.7645,11.251499999999993,0.669005499999912
93,Phase1_Factorial,9,4,303,303,303,1,133,-1.0,-1.0,-1.0,1.0,0.010000000000000004,3,0.5,10.000000000000002,0.8179858067220416,0.8165242295006322,134.8685,4.5464999999999804,94.6105,2.283999999999992,0.10472040000058769
94,Phase1_Factorial,10,4,303,303,303,1,51,1.0,-1.0,-1.0,1.0,0.30000000000000004,3,0.5,10.000000000000002,0.5049417440994224,0.5117521873412617,145.672,28.29050000000001,129.814,30.352500000000006,0.12889019999965967
95,Phase1_Factorial,11,4,303,303,303,1,110,-1.0,1.0,-1.0,1.0,0.010000000000000004,9,0.5,10.000000000000002,0.703024405530495,0.703164802162305,221.8255,41.994999999999976,184.773,9.837999999999994,0.5521481000014319
96,Phase1_Factorial,12,4,303,303,303,1,5,1.0,1.0,-1.0,1.0,0.30000000000000004,9,0.5,10.000000000000002,0.5014172245704897,0.49009251299722173,216.764,11.367500000000007,171.6735,3.1374999999999886,0.5189831000006961
97,Phase1_Factorial,13,4,303,303,303,1,15,-1.0,-1.0,1.0,1.0,0.010000000000000004,3,1.0,10.000000000000002,0.8189855335086194,0.8170330069349255,122.968,16.125500000000002,95.238,12.322500000000005,0.06440440000005765
98,Phase1_Factorial,14,4,303,303,303,1,111,1.0,-1.0,1.0,1.0,0.30000000000000004,3,1.0,10.000000000000002,0.49572556390819134,0.4981933993071418,134.761,3.108000000000004,95.0915,3.5805000000000007,0.07531209999979183
99,Phase1_Factorial,15,4,303,303,303,1,46,-1.0,1.0,1.0,1.0,0.010000000000000004,9,1.0,10.000000000000002,0.6942180522574423,0.6974502713103772,267.726,13.024999999999977,226.0055,20.102000000000004,0.6156137000016315
100,Phase1_Factorial,16,4,303,303,303,1,49,1.0,1.0,1.0,1.0,0.30000000000000004,9,1.0,10.000000000000002,0.4761304094308441,0.47998259235376123,283.283,45.666499999999985,202.4435,71.33849999999998,0.46828050000112853
101,Phase1_Center,17,4,303,303,303,1,122,0.0,0.0,0.0,0.0,0.05477225575051663,6,0.75,1.0000000000000002,0.49508817703530467,0.5015797104295633,159.3575,20.890499999999975,125.963,2.433499999999995,0.22311009999975795
102,Phase1_Center,17,4,303,1303,1303,2,72,0.0,0.0,0.0,0.0,0.05477225575051663,6,0.75,1.0000000000000002,0.4953249124772312,0.5000273919392564,158.516,7.3019999999999925,129.8105,12.697500000000005,0.214313200000106
103,Phase1_Center,17,4,303,2303,2303,3,37,0.0,0.0,0.0,0.0,0.05477225575051663,6,0.75,1.0000000000000002,0.4941497949524825,0.5025663894252721,169.239,49.97750000000002,163.4845,49.754999999999995,0.23173710000082792
104,Phase1_Center,17,4,303,3303,3303,4,40,0.0,0.0,0.0,0.0,0.05477225575051663,6,0.75,1.0000000000000002,0.4968619659835396,0.5007292658834278,161.978,13.325999999999993,121.1455,45.343500000000006,0.20287160000043514
105,Phase2_Axial,18,4,303,303,303,1,22,-1.0,0.0,0.0,0.0,0.010000000000000004,6,0.75,1.0000000000000002,0.7152145509165141,0.719314153437518,163.1025,3.536500000000018,126.465,7.223500000000001,0.2055025999998179
106,Phase2_Axial,19,4,303,303,303,1,32,1.0,0.0,0.0,0.0,0.30000000000000004,6,0.75,1.0000000000000002,0.48263989512944494,0.48152633007251494,157.6945,11.70999999999998,113.094,1.73599999999999,0.1733832000008988
107,Phase2_Axial,20,4,303,303,303,1,44,0.0,-1.0,0.0,0.0,0.05477225575051663,3,0.75,1.0000000000000002,0.5640855059473712,0.5720034189995997,139.515,11.418499999999995,94.2885,11.150999999999996,0.09974510000029113
108,Phase2_Axial,21,4,303,303,303,1,112,0.0,1.0,0.0,0.0,0.05477225575051663,9,0.75,1.0000000000000002,0.4765965711414399,0.4789490804196206,268.9795,17.439999999999998,197.762,3.9020000000000152,0.5712027000008675
109,Phase2_Axial,22,4,303,303,303,1,124,0.0,0.0,-1.0,0.0,0.05477225575051663,6,0.5,1.0000000000000002,0.49552659275139527,0.5024834201792737,157.6195,6.698499999999996,114.591,1.3379999999999939,0.20937830000002577
110,Phase2_Axial,23,4,303,303,303,1,123,0.0,0.0,1.0,0.0,0.05477225575051663,6,1.0,1.0000000000000002,0.49463886547103114,0.5019009631383218,174.105,27.115500000000026,133.6035,15.952500000000015,0.20413449999978184
111,Phase2_Axial,24,4,303,303,303,1,75,0.0,0.0,0.0,-1.0,0.05477225575051663,6,0.75,0.09999999999999998,0.4935280008283243,0.5013969686513364,171.0935,18.748500000000007,126.3035,9.510999999999996,0.20805119999931776
112,Phase2_Axial,25,4,303,303,303,1,31,0.0,0.0,0.0,1.0,0.05477225575051663,6,0.75,10.000000000000002,0.4952611094442695,0.5034818963514586,148.867,2.030000000000001,117.2345,1.538499999999999,0.18341729999883682
113,Phase1_Factorial,1,5,404,404,404,1,99,-1.0,-1.0,-1.0,-1.0,0.010000000000000004,3,0.5,0.09999999999999998,0.814195914278642,0.8134285576060128,133.516,6.864500000000021,95.0155,0.8909999999999911,0.10508240000126534
114,Phase1_Factorial,2,5,404,404,404,1,10,1.0,-1.0,-1.0,-1.0,0.30000000000000004,3,0.5,0.09999999999999998,0.5108065051710869,0.517389440982423,124.9345,2.538499999999999,91.2095,4.2875000000000085,0.09849500000018452
115,Phase1_Factorial,3,5,404,404,404,1,36,-1.0,1.0,-1.0,-1.0,0.010000000000000004,9,0.5,0.09999999999999998,0.6725596205118829,0.671869422588391,291.217,10.627499999999998,234.935,27.019499999999965,0.7475264000004245
116,Phase1_Factorial,4,5,404,404,404,1,104,1.0,1.0,-1.0,-1.0,0.30000000000000004,9,0.5,0.09999999999999998,0.5548215884027348,0.5601915488112131,216.5495,10.553500000000014,174.343,25.268,0.5236103999995976
117,Phase1_Factorial,5,5,404,404,404,1,76,-1.0,-1.0,1.0,-1.0,0.010000000000000004,3,1.0,0.09999999999999998,0.8166720740937113,0.8154680262503791,170.3335,28.33499999999998,128.3405,31.563000000000017,0.07009199999993143
118,Phase1_Factorial,6,5,404,404,404,1,26,1.0,-1.0,1.0,-1.0,0.30000000000000004,3,1.0,0.09999999999999998,0.4999346027738053,0.5064122996292484,137.278,3.3629999999999995,97.6115,2.8229999999999933,0.06176740000046266
119,Phase1_Factorial,7,5,404,404,404,1,95,-1.0,1.0,1.0,-1.0,0.010000000000000004,9,1.0,0.09999999999999998,0.6737436169870712,0.6778895838013663,273.908,13.936499999999967,225.585,9.995000000000005,0.683765100000528
120,Phase1_Factorial,8,5,404,404,404,1,83,1.0,1.0,1.0,-1.0,0.30000000000000004,9,1.0,0.09999999999999998,0.5036787677059279,0.5099079718049441,250.991,19.178500000000014,222.3975,19.58450000000002,0.6251654000006965
121,Phase1_Factorial,9,5,404,404,404,1,30,-1.0,-1.0,-1.0,1.0,0.010000000000000004,3,0.5,10.000000000000002,0.8187588421040348,0.8172205035888025,128.645,6.967999999999989,94.5085,1.855000000000004,0.10566710000057356
122,Phase1_Factorial,10,5,404,404,404,1,6,1.0,-1.0,-1.0,1.0,0.30000000000000004,3,0.5,10.000000000000002,0.5025711521928722,0.5074303777403263,129.908,6.1499999999999915,96.6025,2.863500000000002,0.09927639999841631
123,Phase1_Factorial,11,5,404,404,404,1,38,-1.0,1.0,-1.0,1.0,0.010000000000000004,9,0.5,10.000000000000002,0.7056718699816168,0.7036270067544712,264.9825,47.89399999999998,225.586,33.1635,0.649008700000195
124,Phase1_Factorial,12,5,404,404,404,1,69,1.0,1.0,-1.0,1.0,0.30000000000000004,9,0.5,10.000000000000002,0.49945522247004587,0.4995789841422736,246.7295,43.09650000000002,195.554,45.215,0.6075067999991006
125,Phase1_Factorial,13,5,404,404,404,1,3,-1.0,-1.0,1.0,1.0,0.010000000000000004,3,1.0,10.000000000000002,0.8190202029990901,0.8175149715498075,130.256,16.656999999999982,94.2695,14.575999999999993,0.08836629999859724
126,Phase1_Factorial,14,5,404,404,404,1,106,1.0,-1.0,1.0,1.0,0.30000000000000004,3,1.0,10.000000000000002,0.49451641369485255,0.5025699626497921,133.118,1.3675000000000068,94.0725,15.20750000000001,0.07853629999954137
127,Phase1_Factorial,15,5,404,404,404,1,2,-1.0,1.0,1.0,1.0,0.010000000000000004,9,1.0,10.000000000000002,0.6952961033812312,0.6924366459883102,229.0975,12.629000000000019,181.996,16.563000000000017,0.5734790000005887
128,Phase1_Factorial,16,5,404,404,404,1,78,1.0,1.0,1.0,1.0,0.30000000000000004,9,1.0,10.000000000000002,0.470284996770998,0.4808923781427548,250.9965,40.440499999999986,202.9495,37.516999999999996,0.6283053000006475
129,Phase1_Center,17,5,404,404,404,1,131,0.0,0.0,0.0,0.0,0.05477225575051663,6,0.75,1.0000000000000002,0.4873386597585774,0.5000498662847592,165.2235,14.915999999999997,123.2375,3.072499999999991,0.20395620000090275
130,Phase1_Center,17,5,404,1404,1404,2,45,0.0,0.0,0.0,0.0,0.05477225575051663,6,0.75,1.0000000000000002,0.49029934681942905,0.5043103598471422,154.5575,22.272999999999996,117.8615,35.6755,0.2041458000003331
131,Phase1_Center,17,5,404,2404,2404,3,41,0.0,0.0,0.0,0.0,0.05477225575051663,6,0.75,1.0000000000000002,0.49176297906199684,0.5078216306204708,169.133,22.265000000000015,138.2995,19.94999999999999,0.2385639000003721
132,Phase1_Center,17,5,404,3404,3404,4,97,0.0,0.0,0.0,0.0,0.05477225575051663,6,0.75,1.0000000000000002,0.48887429822505674,0.5052397794363056,155.1965,2.918500000000023,115.5165,2.3034999999999997,0.1886704999997164
133,Phase2_Axial,18,5,404,404,404,1,114,-1.0,0.0,0.0,0.0,0.010000000000000004,6,0.75,1.0000000000000002,0.720540322019276,0.7208912291974924,159.4415,11.581500000000005,123.348,1.6084999999999923,0.2096611999986635
134,Phase2_Axial,19,5,404,404,404,1,28,1.0,0.0,0.0,0.0,0.30000000000000004,6,0.75,1.0000000000000002,0.47636496370184817,0.4915194561159159,162.727,4.835499999999996,120.7955,2.3525000000000063,0.17671309999968798
135,Phase2_Axial,20,5,404,404,404,1,48,0.0,-1.0,0.0,0.0,0.05477225575051663,3,0.75,1.0000000000000002,0.5652079606397368,0.5744559420618153,135.0305,29.704499999999996,96.1785,6.685999999999993,0.10325230000125885
136,Phase2_Axial,21,5,404,404,404,1,9,0.0,1.0,0.0,0.0,0.05477225575051663,9,0.75,1.0000000000000002,0.47105569782155826,0.4796919404559671,271.865,50.539500000000004,191.758,14.526500000000027,0.5888690000010683
137,Phase2_Axial,22,5,404,404,404,1,42,0.0,0.0,-1.0,0.0,0.05477225575051663,6,0.5,1.0000000000000002,0.48813742319455355,0.5015938774899669,173.838,76.12450000000001,122.712,5.047999999999988,0.24010570000064035
138,Phase2_Axial,23,5,404,404,404,1,65,0.0,0.0,1.0,0.0,0.05477225575051663,6,1.0,1.0000000000000002,0.49349964066498697,0.5040489587954704,188.8835,35.923,128.905,23.67450000000001,0.20177680000051623
139,Phase2_Axial,24,5,404,404,404,1,125,0.0,0.0,0.0,-1.0,0.05477225575051663,6,0.75,0.09999999999999998,0.4883784574796858,0.5011741519465497,152.783,1.5134999999999934,120.3065,7.3075000000000045,0.18880040000112785
140,Phase2_Axial,25,5,404,404,404,1,25,0.0,0.0,0.0,1.0,0.05477225575051663,6,0.75,10.000000000000002,0.4928821135949403,0.504608642907846,165.848,4.1355000000000075,123.8205,4.077500000000001,0.18540960000063933
